F.I.Sh,ijtimoiy holati,Python,Kompyuterli nigoh,Data mining,Web texnologiyalar,Suniy intellekt,o'rtacha bahosi
gtokh,induksiya metodi,95,70,56,49,67,61.833333333333336
ugzsw,Deduksiya metodi,41,71,79,60,94,63.5
kkxud,induksiya metodi,82,69,68,39,58,46.5
hxcvu,induksiya metodi,69,59,31,57,76,56.666666666666664
bxlfb,Deduksiya metodi,61,61,56,83,85,58.0
ualzv,induksiya metodi,60,53,64,59,84,51.666666666666664
lyqjp,zakovatli zukko metodi,93,62,75,62,97,55.166666666666664
ooslw,Deduksiya metodi,93,59,58,91,59,61.666666666666664
tyces,Deduksiya metodi,41,96,44,39,90,42.166666666666664
guigr,Taqqoslash usuli,52,40,45,78,43,53.666666666666664
dynrz,Fikriy hujum metodi,35,71,46,71,39,52.166666666666664
izubt,zakovatli zukko metodi,75,78,38,68,31,50.833333333333336
oglho,6x6x6 metodi,97,81,40,66,51,49.333333333333336
cnqdr,zakovatli zukko metodi,81,34,31,34,61,42.833333333333336
hdbfv,induksiya metodi,48,33,75,55,79,59.666666666666664
jdvrz,zakovatli zukko metodi,55,61,73,55,90,59.833333333333336
lbjdn,Deduksiya metodi,80,88,67,55,74,45.166666666666664
pohnw,induksiya metodi,60,99,74,60,90,50.333333333333336
yhupm,Deduksiya metodi,77,74,89,90,81,54.333333333333336
rouxz,6x6x6 metodi,81,91,55,96,78,61.166666666666664
ymiom,klaster metodi,73,65,82,73,51,54.833333333333336
aygix,Deduksiya metodi,31,36,45,73,94,46.833333333333336
alhxk,Deduksiya metodi,98,90,59,71,54,61.833333333333336
sqhcc,Fikriy hujum metodi,86,61,79,39,51,56.666666666666664
aejgz,induksiya metodi,70,76,43,32,82,37.666666666666664
igihl,Fikriy hujum metodi,45,90,57,64,31,62.333333333333336
bapww,zakovatli zukko metodi,90,85,84,47,78,53.833333333333336
xeclh,zakovatli zukko metodi,71,36,33,72,88,68.33333333333333
vcace,Fikriy hujum metodi,78,89,35,49,60,43.833333333333336
oncae,zakovatli zukko metodi,51,61,76,63,56,63.333333333333336
zwngi,klaster metodi,73,59,62,56,85,45.833333333333336
oozjm,zakovatli zukko metodi,52,72,83,97,82,45.333333333333336
sgqtd,klaster metodi,69,89,38,39,39,57.333333333333336
ewgmo,Fikriy hujum metodi,59,39,87,65,73,44.5
kdmgs,Fikriy hujum metodi,86,72,52,33,41,52.833333333333336
vbjmy,Taqqoslash usuli,78,53,42,97,63,51.0
ufllt,induksiya metodi,38,39,94,83,72,54.5
kzwyg,induksiya metodi,88,88,96,90,67,46.166666666666664
aayyt,Deduksiya metodi,37,94,34,72,89,53.666666666666664
micgf,induksiya metodi,55,40,63,31,50,46.166666666666664
hieas,6x6x6 metodi,55,34,38,79,39,53.833333333333336
jlxov,Fikriy hujum metodi,87,39,65,85,91,49.5
xitqq,Analogiya metodi,66,70,77,51,90,59.166666666666664
ztlgb,klaster metodi,77,93,66,70,34,62.833333333333336
cqeqx,induksiya metodi,81,46,91,81,49,42.0
qqbbv,klaster metodi,45,36,95,41,72,44.5
weaas,klaster metodi,69,30,87,32,37,53.666666666666664
bulzf,Analogiya metodi,90,34,55,46,95,41.5
wdwkx,zakovatli zukko metodi,80,76,69,56,69,48.833333333333336
qfxet,klaster metodi,30,75,40,68,47,47.833333333333336
bfvkp,6x6x6 metodi,76,50,57,30,43,60.5
paifp,Taqqoslash usuli,49,74,90,56,85,57.0
ctdsz,Deduksiya metodi,81,97,66,60,78,65.83333333333333
cstgt,Deduksiya metodi,82,68,39,38,42,69.66666666666667
iahgr,Deduksiya metodi,47,41,34,36,44,41.333333333333336
hakyy,Taqqoslash usuli,96,47,67,55,67,50.333333333333336
rwjcg,Fikriy hujum metodi,88,81,62,50,46,50.5
pzpyt,klaster metodi,91,88,31,93,54,53.666666666666664
qbapl,Analogiya metodi,70,48,67,54,68,39.0
eewii,induksiya metodi,33,32,63,39,56,51.333333333333336
csppc,Fikriy hujum metodi,30,73,81,54,94,44.166666666666664
txvxa,Deduksiya metodi,40,97,44,86,93,59.666666666666664
xtkqh,zakovatli zukko metodi,40,49,59,39,83,43.0
dfhtc,Deduksiya metodi,87,58,30,87,50,53.0
pycyr,klaster metodi,44,96,62,67,48,48.833333333333336
nrbvc,Fikriy hujum metodi,33,87,99,41,46,52.0
pidad,Analogiya metodi,30,43,31,33,95,59.833333333333336
anupt,Fikriy hujum metodi,75,79,89,81,77,42.0
xhgcq,Taqqoslash usuli,68,99,89,59,56,33.833333333333336
aplsv,Deduksiya metodi,84,99,55,71,96,56.833333333333336
wvnff,Analogiya metodi,96,81,35,39,67,54.166666666666664
msvhb,zakovatli zukko metodi,41,75,78,92,98,55.5
uaoae,klaster metodi,72,89,58,40,64,56.0
psdcq,induksiya metodi,52,50,66,57,87,53.166666666666664
qlnuf,klaster metodi,82,57,71,90,62,68.16666666666667
ciexq,zakovatli zukko metodi,84,66,76,65,57,59.5
nucat,zakovatli zukko metodi,39,52,34,35,71,58.5
uwacr,Deduksiya metodi,76,57,42,54,36,56.0
yjvzc,klaster metodi,95,87,95,65,31,53.5
hnxro,Fikriy hujum metodi,67,43,56,44,41,65.83333333333333
vwbjb,Analogiya metodi,72,86,77,90,73,49.666666666666664
zqhai,Deduksiya metodi,81,91,31,60,62,59.833333333333336
kvpgj,induksiya metodi,34,87,40,52,74,60.833333333333336
wzcry,induksiya metodi,56,85,88,69,47,52.666666666666664
xmzgy,6x6x6 metodi,80,90,52,65,67,50.833333333333336
dmtah,Fikriy hujum metodi,85,68,98,57,50,55.833333333333336
npnls,Taqqoslash usuli,91,52,50,45,91,53.0
wobbw,zakovatli zukko metodi,94,34,75,93,70,61.333333333333336
vsyzv,Fikriy hujum metodi,73,44,97,80,83,51.5
zzvqt,Analogiya metodi,97,71,75,54,96,55.166666666666664
jfovk,Fikriy hujum metodi,64,51,38,53,52,33.833333333333336
eahul,Analogiya metodi,90,66,74,44,86,49.333333333333336
legdf,6x6x6 metodi,43,81,65,56,46,47.5
mtocw,zakovatli zukko metodi,70,33,32,48,70,56.333333333333336
htpmr,zakovatli zukko metodi,69,87,68,36,65,52.5
jsqxs,6x6x6 metodi,49,58,97,95,76,51.333333333333336
zwzez,6x6x6 metodi,52,35,47,82,51,58.666666666666664
uwilu,Taqqoslash usuli,97,64,38,60,72,54.5
azzao,6x6x6 metodi,46,80,95,53,44,67.16666666666667
bvpyh,Fikriy hujum metodi,57,32,58,81,83,53.5
muapg,induksiya metodi,87,74,79,51,81,50.5
evwcl,Analogiya metodi,82,60,77,60,33,66.5
zpsev,klaster metodi,64,96,93,38,75,49.333333333333336
yneoq,Analogiya metodi,85,85,55,89,77,64.5
ntelp,induksiya metodi,87,92,87,32,36,34.666666666666664
zzpug,zakovatli zukko metodi,81,91,31,62,41,59.0
daewz,klaster metodi,77,82,70,87,97,55.833333333333336
jvedb,Fikriy hujum metodi,52,65,50,84,85,61.166666666666664
tjzsz,Taqqoslash usuli,42,51,36,53,90,58.833333333333336
axemd,Deduksiya metodi,34,79,91,84,55,47.0
pxpwb,Fikriy hujum metodi,39,40,69,40,33,53.166666666666664
qtxlr,6x6x6 metodi,31,68,52,74,71,57.833333333333336
caask,klaster metodi,71,58,45,96,89,58.5
elcaa,zakovatli zukko metodi,33,45,70,35,71,51.166666666666664
hjklm,Fikriy hujum metodi,86,57,52,71,41,51.5
lnbsr,Analogiya metodi,93,87,80,58,48,53.5
cwqzh,Analogiya metodi,74,83,95,42,94,65.83333333333333
zjzbs,Taqqoslash usuli,41,43,71,77,53,46.5
igdzu,6x6x6 metodi,94,46,67,57,62,46.166666666666664
rmkxd,klaster metodi,53,99,33,62,39,62.5
yuydj,Taqqoslash usuli,65,60,33,37,56,53.833333333333336
eixcq,Taqqoslash usuli,65,38,72,53,66,59.0
cpdrq,induksiya metodi,70,55,33,30,49,58.833333333333336
gxwel,klaster metodi,74,98,81,93,50,44.333333333333336
qwmwy,Deduksiya metodi,54,96,55,56,81,47.666666666666664
ciqqt,Deduksiya metodi,92,74,87,67,64,56.833333333333336
pyvms,klaster metodi,75,32,35,42,75,55.833333333333336
qdlis,6x6x6 metodi,62,91,92,85,68,43.333333333333336
lignt,Taqqoslash usuli,89,53,79,62,36,52.833333333333336
szopu,zakovatli zukko metodi,75,91,30,94,74,51.666666666666664
eclyt,Analogiya metodi,84,95,96,83,92,34.666666666666664
uduwp,Deduksiya metodi,83,81,83,96,66,54.0
ygmuj,zakovatli zukko metodi,41,88,49,61,73,56.666666666666664
zgnze,klaster metodi,95,84,45,97,81,45.833333333333336
cwkkr,zakovatli zukko metodi,66,75,70,34,95,40.833333333333336
olijz,klaster metodi,34,92,32,37,55,44.0
lqfgn,Fikriy hujum metodi,82,58,43,34,56,40.5
mhjir,induksiya metodi,97,58,32,59,38,46.166666666666664
zbeef,Analogiya metodi,30,52,96,61,35,56.333333333333336
shpma,induksiya metodi,78,44,87,82,59,57.666666666666664
vtqgy,Fikriy hujum metodi,69,88,92,77,97,47.833333333333336
mddfs,Deduksiya metodi,36,76,72,45,51,53.833333333333336
lvgjz,induksiya metodi,92,75,74,70,54,63.333333333333336
sgcmm,6x6x6 metodi,79,96,81,60,66,61.333333333333336
rzthi,induksiya metodi,51,56,31,51,82,53.0
gacmy,induksiya metodi,46,85,60,72,82,67.66666666666667
qyxaf,zakovatli zukko metodi,34,31,88,33,63,49.5
ufzlm,klaster metodi,96,35,87,76,34,76.66666666666667
moupv,Fikriy hujum metodi,90,85,64,42,55,47.5
ukedc,klaster metodi,93,40,91,76,99,63.0
styro,Analogiya metodi,87,39,45,41,79,53.0
iqnoa,zakovatli zukko metodi,44,88,99,91,91,57.833333333333336
uvvcp,klaster metodi,79,83,83,57,80,57.166666666666664
wyklj,Analogiya metodi,62,30,98,30,84,58.0
phflx,Fikriy hujum metodi,74,69,90,65,53,54.666666666666664
uhzdz,zakovatli zukko metodi,43,30,76,50,68,46.833333333333336
hzrei,klaster metodi,32,45,97,55,83,65.33333333333333
dvqia,induksiya metodi,42,90,49,56,31,60.833333333333336
utmpm,zakovatli zukko metodi,39,89,48,44,76,35.166666666666664
ncfrs,induksiya metodi,53,45,89,78,33,50.0
eoybj,Taqqoslash usuli,95,78,60,95,83,57.0
xrmew,zakovatli zukko metodi,31,90,44,89,72,57.5
xavar,6x6x6 metodi,69,59,92,53,73,57.166666666666664
oqkuz,Deduksiya metodi,43,57,43,85,63,55.0
yvqma,Deduksiya metodi,41,85,90,90,69,54.0
bicau,Analogiya metodi,49,71,36,97,60,52.333333333333336
pwfqe,Fikriy hujum metodi,99,76,80,87,51,61.0
efcuw,zakovatli zukko metodi,53,63,92,89,48,61.333333333333336
euejj,induksiya metodi,53,93,49,56,87,58.166666666666664
squni,klaster metodi,73,94,75,83,68,55.166666666666664
nasmm,6x6x6 metodi,36,83,72,49,54,54.166666666666664
daqhb,Deduksiya metodi,72,56,54,65,95,46.166666666666664
hgzzb,Fikriy hujum metodi,38,82,50,79,45,58.166666666666664
vvcrl,Fikriy hujum metodi,95,55,73,58,75,60.5
avley,zakovatli zukko metodi,78,44,46,38,61,61.333333333333336
qpowo,induksiya metodi,95,88,61,72,88,52.333333333333336
eunbk,zakovatli zukko metodi,59,40,55,31,63,50.833333333333336
sgfbf,zakovatli zukko metodi,70,60,92,84,90,56.333333333333336
rbros,6x6x6 metodi,65,69,52,55,47,43.5
btyfa,Fikriy hujum metodi,63,57,78,93,92,53.833333333333336
xowjs,Deduksiya metodi,91,71,53,64,84,54.0
qedjx,Taqqoslash usuli,78,88,51,90,59,58.333333333333336
qjqtx,Deduksiya metodi,98,89,35,40,53,50.5
ebfub,6x6x6 metodi,80,48,79,32,32,52.0
mkkpk,Taqqoslash usuli,60,76,37,46,74,58.666666666666664
soyww,klaster metodi,89,50,99,50,87,48.333333333333336
pkvph,klaster metodi,84,57,75,73,54,48.666666666666664
dhdxy,Fikriy hujum metodi,78,75,92,41,86,52.0
ccrzs,Deduksiya metodi,93,60,33,83,94,57.166666666666664
suerj,induksiya metodi,35,94,51,46,88,57.833333333333336
vufae,6x6x6 metodi,58,96,46,31,61,55.0
ilznb,Fikriy hujum metodi,51,87,82,76,33,55.333333333333336
qnzmi,induksiya metodi,67,42,90,93,62,52.833333333333336
zyoyv,Taqqoslash usuli,67,58,90,61,40,50.0
oxkpq,klaster metodi,47,74,50,41,49,74.0
zdahq,Analogiya metodi,36,31,72,50,58,54.333333333333336
ctoox,Analogiya metodi,61,74,88,32,68,39.833333333333336
vnzwn,Taqqoslash usuli,80,37,75,95,35,64.0
xbmzn,Analogiya metodi,87,70,83,70,77,51.666666666666664
xsgco,zakovatli zukko metodi,99,56,76,52,43,63.666666666666664
wnkom,6x6x6 metodi,90,96,54,94,53,57.0
rzfcs,zakovatli zukko metodi,82,79,30,68,73,47.333333333333336
oywej,Fikriy hujum metodi,34,97,94,44,79,64.16666666666667
gyqgv,Fikriy hujum metodi,35,95,98,68,58,59.5
zlyqm,6x6x6 metodi,75,60,53,44,49,46.666666666666664
tydjc,Deduksiya metodi,33,87,90,39,70,49.833333333333336
imrod,Fikriy hujum metodi,82,77,44,36,72,31.833333333333332
ovboh,klaster metodi,33,80,88,70,90,62.666666666666664
hqlsj,Analogiya metodi,59,47,59,36,81,58.333333333333336
ieftz,klaster metodi,77,52,66,82,74,56.0
bxmfe,6x6x6 metodi,78,78,76,54,56,49.333333333333336
yauvu,induksiya metodi,41,52,46,73,53,59.5
ffwpd,zakovatli zukko metodi,89,82,45,54,95,62.666666666666664
kxwiw,Deduksiya metodi,79,98,69,35,93,56.333333333333336
cshed,induksiya metodi,57,38,35,46,69,54.166666666666664
xfbtk,klaster metodi,74,72,75,92,30,70.16666666666667
dofvq,Analogiya metodi,88,92,47,94,49,55.0
xfsyb,klaster metodi,85,83,77,83,45,64.0
okhzs,induksiya metodi,49,76,36,52,62,63.166666666666664
mlefz,Analogiya metodi,69,34,74,70,37,48.5
vdsta,Fikriy hujum metodi,79,60,33,95,85,39.833333333333336
tqloa,Deduksiya metodi,34,83,30,90,36,43.166666666666664
znfek,Taqqoslash usuli,59,44,33,92,99,58.333333333333336
dmkca,Analogiya metodi,67,76,89,31,98,50.333333333333336
frxje,6x6x6 metodi,37,80,48,60,51,54.166666666666664
wjlbm,6x6x6 metodi,62,66,41,98,93,59.0
hbtae,Fikriy hujum metodi,54,83,58,42,55,54.333333333333336
iqiko,6x6x6 metodi,51,39,77,71,88,54.5
xfwcq,induksiya metodi,82,69,91,35,33,56.833333333333336
elrnu,Fikriy hujum metodi,84,98,32,36,41,55.666666666666664
xkibl,6x6x6 metodi,46,96,99,65,46,40.5
ccahv,induksiya metodi,30,96,78,80,72,51.666666666666664
hkien,induksiya metodi,60,53,66,94,92,59.0
cuees,induksiya metodi,85,47,94,58,33,62.666666666666664
nzdym,6x6x6 metodi,41,85,77,48,55,76.5
jyrhh,zakovatli zukko metodi,67,54,85,57,90,44.833333333333336
ghnsf,induksiya metodi,80,41,37,87,52,53.166666666666664
awoay,klaster metodi,66,40,46,85,82,62.5
qaowb,Deduksiya metodi,96,31,58,86,63,62.166666666666664
nuhhs,6x6x6 metodi,31,60,73,85,83,47.833333333333336
gsffc,induksiya metodi,82,75,83,60,53,59.333333333333336
gshjt,Deduksiya metodi,54,64,86,98,57,55.333333333333336
ooatg,klaster metodi,62,82,45,55,41,49.5
dfyae,Taqqoslash usuli,60,56,65,88,32,63.666666666666664
wadvb,Deduksiya metodi,61,44,95,92,30,57.333333333333336
jejav,6x6x6 metodi,34,35,34,57,98,45.166666666666664
fmodm,6x6x6 metodi,73,45,51,52,72,59.0
xtxoh,induksiya metodi,97,72,55,70,99,53.5
eodlm,klaster metodi,60,46,38,84,35,67.33333333333333
bssdd,zakovatli zukko metodi,99,93,33,96,85,56.666666666666664
zketk,klaster metodi,47,61,77,58,61,63.0
jhffh,klaster metodi,54,92,38,43,49,58.833333333333336
woznk,6x6x6 metodi,39,40,68,48,48,46.333333333333336
lzmhr,Taqqoslash usuli,72,90,99,94,52,57.5
yaohk,klaster metodi,89,39,92,31,65,53.166666666666664
lldpd,zakovatli zukko metodi,86,95,49,71,50,56.5
exehj,Fikriy hujum metodi,95,67,98,53,55,54.666666666666664
qzivs,Deduksiya metodi,31,75,63,91,70,39.5
nhivk,Fikriy hujum metodi,44,84,32,67,80,53.0
waneu,Taqqoslash usuli,46,78,50,53,69,38.833333333333336
zndvw,Deduksiya metodi,49,64,77,62,85,44.333333333333336
yavws,induksiya metodi,70,83,73,40,43,55.0
houoi,Deduksiya metodi,71,41,46,54,55,54.666666666666664
uijty,induksiya metodi,76,54,89,89,56,45.333333333333336
uzict,Analogiya metodi,72,49,92,54,56,43.166666666666664
yzkfb,Deduksiya metodi,81,39,79,59,30,59.0
grbqk,zakovatli zukko metodi,83,33,36,59,94,49.333333333333336
lsvxy,Deduksiya metodi,58,54,69,55,46,41.5
gtfux,zakovatli zukko metodi,60,90,37,98,30,52.166666666666664
aqkvz,Fikriy hujum metodi,75,49,69,31,90,55.5
ruqgq,Fikriy hujum metodi,59,59,74,53,85,58.0
tiqtv,Taqqoslash usuli,90,42,85,44,40,46.5
vhqga,induksiya metodi,41,32,53,38,75,41.166666666666664
mwsxs,6x6x6 metodi,89,40,39,32,48,39.666666666666664
qmphs,Fikriy hujum metodi,31,46,31,82,45,56.166666666666664
ranso,zakovatli zukko metodi,39,97,72,87,89,46.833333333333336
rbvqr,zakovatli zukko metodi,53,45,38,35,94,68.0
fsdah,klaster metodi,53,39,56,32,67,62.666666666666664
wgcjj,Taqqoslash usuli,46,77,78,72,36,56.666666666666664
snbaw,induksiya metodi,97,50,54,90,57,51.5
wrgha,zakovatli zukko metodi,81,42,63,96,33,72.16666666666667
ywcxw,induksiya metodi,73,44,37,34,95,59.833333333333336
hvyoe,induksiya metodi,75,94,95,55,60,52.166666666666664
csaoh,Analogiya metodi,80,70,80,48,32,45.833333333333336
bcxnx,induksiya metodi,67,99,74,70,54,70.16666666666667
nkpdt,zakovatli zukko metodi,79,30,83,42,69,54.0
evunw,zakovatli zukko metodi,50,70,90,62,58,51.166666666666664
prgjg,Taqqoslash usuli,84,61,40,81,65,48.833333333333336
awusp,induksiya metodi,60,43,92,81,83,68.5
sdrba,zakovatli zukko metodi,79,83,64,59,84,46.666666666666664
oetkj,6x6x6 metodi,30,44,54,49,45,61.666666666666664
bcwwl,6x6x6 metodi,81,94,99,30,45,63.666666666666664
teefi,zakovatli zukko metodi,56,47,73,79,43,52.5
bulct,induksiya metodi,81,79,46,32,91,61.166666666666664
zvlxq,Taqqoslash usuli,50,62,30,99,85,56.0
jxnwq,Deduksiya metodi,33,51,87,73,86,63.333333333333336
rsqni,induksiya metodi,69,85,92,68,36,63.666666666666664
hbmyg,Taqqoslash usuli,43,47,84,85,86,45.833333333333336
ivvkn,Fikriy hujum metodi,87,54,99,32,50,56.0
dzzmb,Taqqoslash usuli,61,31,49,47,83,48.666666666666664
wekfr,Analogiya metodi,65,90,89,65,73,59.0
ujdif,Fikriy hujum metodi,97,95,73,58,77,54.666666666666664
bqeyf,6x6x6 metodi,65,37,34,76,72,58.333333333333336
zlwuj,6x6x6 metodi,39,39,35,45,89,57.833333333333336
vuyfh,Deduksiya metodi,55,50,87,70,59,50.833333333333336
blmyu,Deduksiya metodi,34,39,40,92,36,48.833333333333336
gjmqz,Taqqoslash usuli,88,41,93,70,89,58.333333333333336
uznbv,Taqqoslash usuli,57,92,32,61,50,55.0
kasud,induksiya metodi,84,47,82,90,79,72.66666666666667
szukh,klaster metodi,37,41,80,95,70,56.833333333333336
kdqgh,klaster metodi,51,38,40,42,85,48.0
cvbwo,induksiya metodi,57,93,93,99,84,59.166666666666664
xvvex,6x6x6 metodi,66,62,54,52,89,60.833333333333336
azdot,Analogiya metodi,85,92,37,46,86,55.166666666666664
sctkq,klaster metodi,91,40,96,69,69,48.5
mkbiz,induksiya metodi,85,82,57,71,75,63.666666666666664
buiih,6x6x6 metodi,47,52,55,58,81,48.666666666666664
qaykh,Taqqoslash usuli,75,30,92,45,54,52.0
jygcc,zakovatli zukko metodi,91,45,98,99,63,38.0
rells,klaster metodi,82,52,72,73,61,44.0
fblse,Taqqoslash usuli,52,49,48,58,47,64.5
lqqjy,induksiya metodi,98,41,39,66,84,47.0
wqolp,klaster metodi,33,92,41,47,37,55.166666666666664
xshuq,Analogiya metodi,61,78,92,88,96,61.166666666666664
wevpf,6x6x6 metodi,68,79,55,52,92,51.5
hyryl,Taqqoslash usuli,95,68,95,75,44,54.833333333333336
ozimz,6x6x6 metodi,45,45,68,40,65,49.0
ojpgq,Analogiya metodi,47,52,78,71,73,70.16666666666667
wzuvz,Taqqoslash usuli,30,36,77,45,77,39.333333333333336
gnoug,6x6x6 metodi,72,80,95,60,68,47.833333333333336
isphr,zakovatli zukko metodi,38,70,92,43,87,64.66666666666667
wrtgc,Analogiya metodi,93,57,33,63,33,58.833333333333336
rjgqn,Analogiya metodi,99,87,33,79,34,40.0
xclmb,Analogiya metodi,74,64,56,31,83,58.666666666666664
cekhz,induksiya metodi,77,78,30,62,64,40.166666666666664
wwlgo,Deduksiya metodi,83,85,44,98,33,44.333333333333336
xqdvy,6x6x6 metodi,93,51,53,76,35,65.33333333333333
mrapm,Analogiya metodi,56,39,68,66,83,47.666666666666664
jlbwc,6x6x6 metodi,80,89,80,91,78,52.666666666666664
jbwmm,Analogiya metodi,80,57,65,54,65,54.5
rcgnt,6x6x6 metodi,89,36,94,65,59,57.666666666666664
qulyp,Taqqoslash usuli,76,58,34,94,98,61.833333333333336
xloyj,6x6x6 metodi,92,85,46,80,66,47.0
ygtea,klaster metodi,38,67,82,42,82,47.333333333333336
qcmnx,Deduksiya metodi,78,99,64,45,42,53.0
rdrey,Taqqoslash usuli,40,31,48,74,75,51.666666666666664
pauno,zakovatli zukko metodi,76,78,71,62,70,57.333333333333336
ioqyx,Taqqoslash usuli,98,48,68,36,68,38.0
dlzee,Analogiya metodi,63,73,98,97,92,48.833333333333336
kfgxn,Fikriy hujum metodi,77,32,63,38,90,39.0
xkmby,klaster metodi,49,69,41,57,77,46.666666666666664
gtdht,zakovatli zukko metodi,36,43,48,83,89,59.666666666666664
vusmn,Deduksiya metodi,96,63,70,60,68,49.5
jkbyz,Taqqoslash usuli,81,76,49,81,91,41.5
iqzcx,Fikriy hujum metodi,34,86,33,40,48,55.5
feevo,Fikriy hujum metodi,56,58,47,66,90,60.166666666666664
wqict,Taqqoslash usuli,76,49,99,78,44,44.5
zqjcr,Analogiya metodi,47,67,51,89,95,49.333333333333336
rqxcc,induksiya metodi,55,93,87,32,59,60.666666666666664
fmxoy,Taqqoslash usuli,48,39,75,48,87,47.666666666666664
idneb,Analogiya metodi,35,80,43,87,37,53.833333333333336
kixci,Deduksiya metodi,31,47,86,64,95,51.833333333333336
cyblj,Analogiya metodi,85,72,37,34,42,50.0
iohye,Fikriy hujum metodi,36,50,66,74,81,57.833333333333336
kbxof,klaster metodi,77,91,80,33,85,52.666666666666664
hepzr,klaster metodi,63,74,45,38,45,44.0
fepme,Deduksiya metodi,60,42,34,76,68,59.0
mqrhm,zakovatli zukko metodi,47,49,31,69,59,69.16666666666667
szcxh,klaster metodi,39,93,71,82,82,47.666666666666664
bhmma,Deduksiya metodi,69,45,77,90,67,57.333333333333336
fxsph,induksiya metodi,73,44,90,36,59,55.833333333333336
apimk,zakovatli zukko metodi,65,40,99,58,35,48.5
myujd,induksiya metodi,80,67,51,83,69,52.166666666666664
fgekm,Taqqoslash usuli,36,69,53,70,80,55.166666666666664
zyswj,klaster metodi,68,72,98,88,54,45.5
jkugr,Analogiya metodi,54,53,91,72,88,37.833333333333336
dbnml,Taqqoslash usuli,83,55,83,90,73,44.333333333333336
gbmnq,induksiya metodi,38,71,58,87,92,47.5
iqhbx,Fikriy hujum metodi,78,40,83,59,95,48.666666666666664
mcpfs,induksiya metodi,94,87,86,66,83,51.0
gjibo,Analogiya metodi,98,53,92,80,44,59.166666666666664
evdtd,zakovatli zukko metodi,76,75,59,49,86,46.166666666666664
rdqlv,zakovatli zukko metodi,78,85,85,54,38,46.666666666666664
qjvav,Fikriy hujum metodi,51,66,57,43,59,55.333333333333336
zxrrn,klaster metodi,68,86,34,41,64,38.333333333333336
oldct,Taqqoslash usuli,70,92,71,94,94,55.333333333333336
lgkaf,Taqqoslash usuli,72,89,49,92,53,52.166666666666664
ooskz,induksiya metodi,64,70,45,35,49,64.5
wzbnb,induksiya metodi,85,37,35,37,91,62.0
dqcmi,zakovatli zukko metodi,43,32,31,51,99,55.666666666666664
gowkt,klaster metodi,35,79,73,37,53,46.5
bontv,6x6x6 metodi,56,82,80,57,88,50.5
kcqlx,zakovatli zukko metodi,98,54,73,76,42,58.5
uopet,Taqqoslash usuli,82,82,66,92,95,53.333333333333336
fsyec,klaster metodi,69,90,35,54,75,52.0
azfob,Taqqoslash usuli,60,92,97,68,65,53.166666666666664
cqyxl,Deduksiya metodi,36,95,84,71,56,53.666666666666664
rolph,Analogiya metodi,31,99,33,50,30,52.5
nyquh,Deduksiya metodi,67,89,43,46,76,57.666666666666664
onrtg,Deduksiya metodi,85,82,47,98,77,58.833333333333336
cluxz,Taqqoslash usuli,38,83,64,75,30,37.166666666666664
ctnoy,6x6x6 metodi,70,61,69,40,91,55.333333333333336
ngqlt,zakovatli zukko metodi,75,77,72,80,90,56.166666666666664
difpy,zakovatli zukko metodi,71,55,40,54,69,47.666666666666664
vvuub,klaster metodi,54,81,32,68,64,61.666666666666664
xhkmq,klaster metodi,69,51,91,48,43,59.5
hurrn,Analogiya metodi,79,91,72,84,69,47.833333333333336
ofkmy,Taqqoslash usuli,41,94,63,52,36,46.0
afihk,Deduksiya metodi,94,47,37,71,30,50.833333333333336
vsxiq,Deduksiya metodi,44,57,65,75,50,58.833333333333336
lynop,klaster metodi,78,68,67,38,49,44.166666666666664
vvtaj,klaster metodi,37,43,91,64,84,59.166666666666664
hraba,Taqqoslash usuli,74,50,82,83,72,53.833333333333336
aimam,induksiya metodi,35,84,73,97,33,44.666666666666664
tzvgb,induksiya metodi,92,87,83,67,89,57.833333333333336
fgznz,Taqqoslash usuli,81,58,69,37,64,51.833333333333336
robjw,Fikriy hujum metodi,45,47,88,63,33,50.0
lqhkc,Fikriy hujum metodi,98,94,90,75,50,52.833333333333336
fifig,induksiya metodi,67,89,65,35,68,66.0
irlhh,Analogiya metodi,58,56,98,38,53,46.166666666666664
rtogk,6x6x6 metodi,92,48,59,87,69,46.166666666666664
tpdfz,Deduksiya metodi,97,61,94,63,60,43.166666666666664
vzcij,klaster metodi,88,55,51,63,42,57.666666666666664
nkrvl,Analogiya metodi,84,37,91,51,85,74.5
wlmym,klaster metodi,50,78,35,64,56,57.833333333333336
szswn,induksiya metodi,69,43,81,69,72,63.333333333333336
dmhwu,zakovatli zukko metodi,87,32,44,74,40,48.333333333333336
wslrf,Taqqoslash usuli,68,48,49,85,33,64.33333333333333
rsvex,Fikriy hujum metodi,38,54,76,78,56,57.0
icjsc,induksiya metodi,57,91,45,75,75,51.333333333333336
voagl,Analogiya metodi,69,63,39,30,95,50.666666666666664
quzxt,Analogiya metodi,46,76,53,79,58,56.666666666666664
edltx,6x6x6 metodi,42,93,57,34,38,64.33333333333333
rqsid,klaster metodi,43,39,62,69,35,39.666666666666664
zubdb,induksiya metodi,46,65,99,90,78,53.166666666666664
obdfg,Deduksiya metodi,98,53,80,71,48,34.666666666666664
jsszv,Analogiya metodi,91,96,59,67,35,57.166666666666664
lcmrh,Deduksiya metodi,51,40,58,37,64,61.666666666666664
uoacz,Deduksiya metodi,74,62,34,91,66,53.833333333333336
hdpwj,klaster metodi,46,51,61,43,49,63.166666666666664
lnnbw,Taqqoslash usuli,51,59,83,62,34,51.666666666666664
eefmi,induksiya metodi,47,92,75,36,58,60.166666666666664
vonxg,induksiya metodi,86,76,38,88,72,66.5
ytbgf,Deduksiya metodi,88,35,82,93,33,42.166666666666664
qyybc,Taqqoslash usuli,30,99,60,94,98,39.833333333333336
eeahl,zakovatli zukko metodi,48,98,98,78,60,47.666666666666664
xdmwo,Analogiya metodi,89,84,67,62,35,65.66666666666667
kjcvn,Analogiya metodi,42,49,66,74,88,49.333333333333336
pjjli,induksiya metodi,81,47,54,30,70,51.166666666666664
aethk,klaster metodi,47,30,68,60,67,60.333333333333336
layvt,klaster metodi,37,63,56,70,36,52.0
ykeoe,Deduksiya metodi,61,45,31,72,60,48.5
leqqx,Taqqoslash usuli,76,62,46,83,83,53.666666666666664
lxoof,Taqqoslash usuli,80,81,36,83,40,57.333333333333336
ltrnb,Analogiya metodi,91,59,86,75,99,45.333333333333336
ietza,Analogiya metodi,95,84,87,39,33,62.833333333333336
wcfeu,klaster metodi,91,72,71,53,34,58.666666666666664
eaqsn,Fikriy hujum metodi,97,74,88,94,92,45.0
ljtur,Fikriy hujum metodi,96,78,61,79,87,49.666666666666664
xkbyr,Deduksiya metodi,81,52,59,99,59,43.0
ygxok,Fikriy hujum metodi,66,77,61,99,64,58.666666666666664
rwlft,Taqqoslash usuli,97,61,88,64,45,54.5
wmtpr,Fikriy hujum metodi,81,95,35,43,58,53.0
jwhru,zakovatli zukko metodi,55,47,33,86,82,58.5
awhfe,induksiya metodi,54,76,81,63,45,51.833333333333336
ovoba,induksiya metodi,65,57,94,82,71,59.666666666666664
wwzkj,6x6x6 metodi,48,73,59,73,56,61.666666666666664
rrqzh,Analogiya metodi,63,53,85,36,97,48.166666666666664
ohqlh,Analogiya metodi,80,37,85,87,98,48.333333333333336
yndaa,klaster metodi,37,95,53,71,83,57.166666666666664
spnup,Deduksiya metodi,45,33,88,75,42,44.833333333333336
eizbr,zakovatli zukko metodi,66,83,78,87,48,49.5
fiaiy,induksiya metodi,47,89,46,40,44,63.166666666666664
pmium,6x6x6 metodi,46,34,90,33,85,49.0
ikdbf,zakovatli zukko metodi,77,77,64,62,50,53.833333333333336
ndfsf,Deduksiya metodi,34,93,98,50,61,66.33333333333333
brmiw,Deduksiya metodi,47,87,53,34,82,57.5
smkax,zakovatli zukko metodi,84,34,98,70,36,42.333333333333336
vgyuo,klaster metodi,30,81,55,92,41,61.833333333333336
alzgo,Fikriy hujum metodi,99,48,33,34,83,50.5
usyaq,Analogiya metodi,99,86,81,47,93,57.166666666666664
qclfz,Deduksiya metodi,39,52,97,81,76,44.5
kchnn,zakovatli zukko metodi,99,55,99,72,98,56.333333333333336
jbnic,Deduksiya metodi,92,95,92,42,80,49.333333333333336
uzhpb,Analogiya metodi,34,76,65,65,79,56.0
fuzyl,klaster metodi,85,48,49,51,60,64.5
ebpeo,Analogiya metodi,91,73,97,96,78,47.666666666666664
ldokp,induksiya metodi,88,33,68,36,78,61.833333333333336
wfnrl,Analogiya metodi,44,36,76,97,74,56.166666666666664
kmuwk,Fikriy hujum metodi,48,76,82,56,34,54.333333333333336
wpouo,induksiya metodi,89,91,88,90,85,56.333333333333336
ydkso,klaster metodi,76,77,39,61,94,60.5
dumvs,zakovatli zukko metodi,53,58,36,46,54,49.166666666666664
bndpu,6x6x6 metodi,65,90,64,79,85,50.5
tnoch,Deduksiya metodi,94,70,54,63,37,54.833333333333336
pjdrb,Fikriy hujum metodi,85,59,97,50,39,60.333333333333336
qmdzy,Fikriy hujum metodi,62,33,52,98,82,48.833333333333336
kgljg,induksiya metodi,34,47,46,87,96,65.66666666666667
mgxqj,Deduksiya metodi,85,69,31,50,81,58.666666666666664
jxdtd,induksiya metodi,53,82,67,49,79,53.333333333333336
vgval,Taqqoslash usuli,68,89,68,62,58,62.5
xmjom,Taqqoslash usuli,39,96,32,60,56,55.166666666666664
wvvuv,induksiya metodi,99,56,38,35,35,69.33333333333333
izioj,Deduksiya metodi,55,72,48,45,52,45.166666666666664
xzyjh,klaster metodi,58,67,88,77,49,57.833333333333336
xpqze,Deduksiya metodi,50,57,79,62,69,56.166666666666664
drxsd,Analogiya metodi,83,39,63,65,36,57.5
gjyrs,klaster metodi,45,80,90,60,61,45.5
djawr,Fikriy hujum metodi,74,56,51,44,37,56.0
eoqcl,zakovatli zukko metodi,97,37,45,77,63,46.166666666666664
bawuq,induksiya metodi,86,34,73,66,57,55.333333333333336
vpeoc,klaster metodi,97,67,75,55,82,32.5
gkjin,Fikriy hujum metodi,92,92,67,44,38,47.166666666666664
myybc,klaster metodi,51,99,85,66,86,53.0
gurcj,Fikriy hujum metodi,89,41,36,95,70,61.333333333333336
vgiqk,Taqqoslash usuli,53,54,91,73,31,51.333333333333336
gxnsd,Taqqoslash usuli,71,62,46,92,51,43.166666666666664
zfjgm,6x6x6 metodi,30,99,83,43,82,58.166666666666664
ndhea,klaster metodi,35,93,62,73,63,43.333333333333336
dciha,klaster metodi,63,53,31,37,54,50.833333333333336
figdm,induksiya metodi,61,85,36,77,83,47.5
qbelu,6x6x6 metodi,92,31,64,51,93,60.666666666666664
hfhrc,zakovatli zukko metodi,88,78,81,50,41,54.166666666666664
vlzcv,induksiya metodi,40,83,99,43,62,39.666666666666664
fbwlb,Deduksiya metodi,55,43,77,94,75,47.0
fqcbw,zakovatli zukko metodi,84,97,41,83,93,56.0
thvlz,induksiya metodi,76,66,70,56,71,43.166666666666664
demoy,zakovatli zukko metodi,97,58,65,86,41,45.833333333333336
wpjyw,klaster metodi,74,49,74,52,91,57.5
plqpl,Deduksiya metodi,63,50,80,38,39,44.5
htcpm,zakovatli zukko metodi,81,74,81,59,93,61.166666666666664
wshve,Deduksiya metodi,31,78,74,46,57,52.333333333333336
thxla,induksiya metodi,74,46,88,43,39,63.166666666666664
yutfv,Deduksiya metodi,47,64,77,87,47,47.166666666666664
rhgau,Fikriy hujum metodi,81,59,66,69,35,65.16666666666667
plftb,Deduksiya metodi,64,55,59,53,84,51.0
ndawr,Fikriy hujum metodi,38,91,47,80,48,49.666666666666664
mbiub,Fikriy hujum metodi,98,62,67,42,78,69.0
yiakc,Fikriy hujum metodi,82,30,41,53,30,54.5
twzdr,zakovatli zukko metodi,97,36,98,68,61,57.666666666666664
wfcvk,Analogiya metodi,78,60,32,76,44,57.166666666666664
ovetj,6x6x6 metodi,80,50,70,32,30,52.166666666666664
loqjf,klaster metodi,50,50,78,94,70,57.166666666666664
rmcxj,Analogiya metodi,96,71,98,86,72,52.833333333333336
nfcpg,klaster metodi,41,93,80,89,57,60.666666666666664
tniou,klaster metodi,43,61,37,56,79,47.0
cbbcr,Deduksiya metodi,88,86,32,56,63,51.0
ntrjy,6x6x6 metodi,55,69,61,70,31,60.833333333333336
byvad,klaster metodi,36,48,62,31,96,44.5
nanpv,6x6x6 metodi,44,50,88,68,49,42.333333333333336
ntcci,6x6x6 metodi,30,38,80,67,44,50.166666666666664
fymub,induksiya metodi,70,76,55,83,99,57.166666666666664
hubdy,Deduksiya metodi,68,46,99,38,75,49.166666666666664
odmlm,zakovatli zukko metodi,35,97,45,58,70,54.166666666666664
ntrfk,Analogiya metodi,97,91,69,91,53,43.0
bwsse,6x6x6 metodi,35,69,99,87,43,42.166666666666664
sbjyb,klaster metodi,74,35,52,91,46,45.333333333333336
krxoi,6x6x6 metodi,99,57,42,58,74,59.0
wsicu,klaster metodi,49,87,83,93,81,61.333333333333336
insgp,Taqqoslash usuli,72,47,83,89,30,40.166666666666664
paddg,6x6x6 metodi,66,78,64,96,64,58.833333333333336
hqegt,6x6x6 metodi,38,66,89,85,41,55.833333333333336
tdfgr,Taqqoslash usuli,33,90,74,79,79,58.166666666666664
etcgv,Deduksiya metodi,77,52,37,58,72,52.666666666666664
ngeve,Analogiya metodi,82,35,53,43,81,47.833333333333336
wbuvf,zakovatli zukko metodi,99,33,87,66,77,59.5
oujwz,Fikriy hujum metodi,68,95,42,95,89,62.166666666666664
xgeam,Analogiya metodi,70,61,81,34,96,48.5
uzrmu,Deduksiya metodi,95,81,78,58,67,51.0
uremd,Analogiya metodi,99,37,88,84,31,61.666666666666664
qcqku,Taqqoslash usuli,55,92,46,88,45,56.833333333333336
twuzd,6x6x6 metodi,87,93,79,55,46,43.666666666666664
btprh,6x6x6 metodi,75,97,79,72,77,58.666666666666664
citfj,zakovatli zukko metodi,97,48,54,47,80,57.0
ujmqi,Fikriy hujum metodi,47,87,93,86,46,56.833333333333336
qxiia,Deduksiya metodi,88,96,44,55,77,53.5
bpajr,6x6x6 metodi,43,38,36,84,41,58.666666666666664
zhukw,Deduksiya metodi,46,37,71,66,49,57.0
bhvhq,induksiya metodi,30,38,53,63,65,41.166666666666664
oqwxm,klaster metodi,33,58,45,37,68,45.333333333333336
selaw,Fikriy hujum metodi,87,41,73,33,54,50.666666666666664
ehmhy,klaster metodi,99,96,68,53,35,42.666666666666664
wkams,Deduksiya metodi,62,77,96,31,67,44.833333333333336
xcxqe,Analogiya metodi,69,85,50,64,96,57.0
tuhzn,Analogiya metodi,89,52,94,92,52,42.166666666666664
dktos,Analogiya metodi,71,93,95,70,49,67.83333333333333
gsskz,Analogiya metodi,38,86,46,47,92,61.0
eevhj,Deduksiya metodi,55,42,46,55,35,63.5
fopqh,Taqqoslash usuli,33,36,46,79,35,46.0
hyibo,Fikriy hujum metodi,59,85,68,43,83,49.333333333333336
rcqdd,Analogiya metodi,51,86,70,39,31,57.166666666666664
niiyz,Deduksiya metodi,96,77,71,40,41,58.333333333333336
wrjud,6x6x6 metodi,43,59,89,59,67,60.833333333333336
lhbvm,6x6x6 metodi,94,76,68,78,87,62.833333333333336
upbkj,Deduksiya metodi,46,35,44,96,57,60.5
oqhrw,Analogiya metodi,73,47,61,98,73,42.333333333333336
iyhnz,induksiya metodi,99,92,87,76,46,55.0
yrvtt,Deduksiya metodi,68,88,36,92,86,49.666666666666664
ulsnq,Fikriy hujum metodi,63,82,95,77,89,53.833333333333336
xuczw,Fikriy hujum metodi,72,33,81,61,80,63.166666666666664
gqlio,induksiya metodi,39,41,68,97,39,58.333333333333336
rumuh,zakovatli zukko metodi,39,52,42,77,73,40.666666666666664
nhngw,6x6x6 metodi,93,69,35,72,61,59.666666666666664
lkvvk,6x6x6 metodi,78,48,81,81,63,54.5
yvmrb,Deduksiya metodi,88,34,95,70,63,55.166666666666664
uotro,induksiya metodi,83,49,83,95,47,40.0
swxlm,Deduksiya metodi,73,77,64,68,32,46.0
vkeax,Deduksiya metodi,48,47,34,84,42,55.333333333333336
cvswg,induksiya metodi,63,47,97,72,94,59.166666666666664
loyeo,6x6x6 metodi,70,67,67,42,51,44.666666666666664
hjzph,klaster metodi,58,38,97,46,66,59.5
aleca,Taqqoslash usuli,93,96,33,69,45,53.666666666666664
dhcjb,Analogiya metodi,40,55,94,31,74,58.333333333333336
kyjun,Analogiya metodi,72,32,63,94,93,54.0
gbipm,Analogiya metodi,36,64,51,77,61,61.333333333333336
itdvj,induksiya metodi,55,35,75,84,84,54.166666666666664
zzvlq,Deduksiya metodi,86,92,30,50,49,61.666666666666664
nnybu,klaster metodi,58,72,74,94,32,46.333333333333336
ytkps,klaster metodi,49,66,67,74,71,60.5
wfxse,Deduksiya metodi,75,89,42,60,97,53.0
zdodt,Fikriy hujum metodi,91,78,47,82,47,70.5
jxvcz,klaster metodi,80,70,96,94,35,42.333333333333336
efuvh,Deduksiya metodi,66,41,31,82,54,63.0
gujfn,6x6x6 metodi,57,74,66,46,98,53.5
dymtq,Taqqoslash usuli,85,87,33,84,78,66.83333333333333
wgdnc,Analogiya metodi,67,74,59,66,85,61.5
xepzw,klaster metodi,56,61,40,87,64,65.16666666666667
tdxxb,zakovatli zukko metodi,46,59,47,59,45,47.5
rssqn,6x6x6 metodi,83,33,44,56,33,52.333333333333336
svxml,6x6x6 metodi,64,92,95,68,57,49.666666666666664
zfuds,klaster metodi,63,62,79,89,71,59.166666666666664
pmdwq,klaster metodi,57,56,30,37,75,42.5
wartq,Taqqoslash usuli,53,69,80,53,51,56.5
okyvm,Analogiya metodi,97,37,87,44,37,63.333333333333336
aqfdt,klaster metodi,71,68,64,70,77,50.166666666666664
poofo,induksiya metodi,73,64,56,94,99,67.66666666666667
nkgiz,Taqqoslash usuli,95,92,58,60,93,60.333333333333336
peytj,6x6x6 metodi,82,97,54,42,69,42.0
rcmkq,klaster metodi,36,61,53,30,76,66.83333333333333
vmfqm,Deduksiya metodi,80,65,56,99,71,58.833333333333336
susjc,Analogiya metodi,97,99,42,54,51,53.333333333333336
nzsee,Fikriy hujum metodi,50,44,96,66,74,50.5
tquje,zakovatli zukko metodi,55,84,79,64,70,53.333333333333336
dfzdg,Taqqoslash usuli,40,37,83,30,49,52.833333333333336
grcax,6x6x6 metodi,63,86,42,83,82,55.0
ydfiv,induksiya metodi,81,35,65,54,87,42.666666666666664
nlytx,6x6x6 metodi,84,32,57,97,67,58.166666666666664
yduxl,Fikriy hujum metodi,63,42,34,89,46,52.166666666666664
jvgcw,klaster metodi,86,60,94,95,62,64.5
nxjpp,klaster metodi,33,84,53,61,76,60.333333333333336
vjymf,induksiya metodi,45,50,96,60,43,56.666666666666664
limdx,Analogiya metodi,35,98,58,84,66,57.833333333333336
ktrzk,Taqqoslash usuli,88,65,88,93,72,55.666666666666664
yudra,induksiya metodi,71,89,91,93,87,41.333333333333336
gforx,Fikriy hujum metodi,31,37,85,65,98,58.166666666666664
ktxop,6x6x6 metodi,42,68,35,48,54,64.33333333333333
gujzl,Fikriy hujum metodi,32,82,57,55,76,40.833333333333336
xnyez,Deduksiya metodi,37,86,84,30,69,62.0
urecw,induksiya metodi,52,83,71,79,33,62.5
zexqs,zakovatli zukko metodi,37,65,39,59,45,67.0
syuly,Taqqoslash usuli,59,93,40,63,84,53.0
iarud,Taqqoslash usuli,33,78,73,60,77,59.333333333333336
jygvw,6x6x6 metodi,55,99,41,74,37,62.666666666666664
aqxbz,6x6x6 metodi,38,30,34,83,53,53.5
kigvq,klaster metodi,55,39,90,69,73,37.333333333333336
qbfnf,6x6x6 metodi,41,51,56,96,98,52.333333333333336
bajue,Deduksiya metodi,43,54,81,88,67,43.5
bvpyb,zakovatli zukko metodi,49,49,85,59,70,54.833333333333336
jbpps,Fikriy hujum metodi,92,98,58,73,86,56.0
gvlxo,6x6x6 metodi,53,48,46,98,90,55.666666666666664
hfjcs,klaster metodi,33,51,35,59,40,60.666666666666664
qgutz,induksiya metodi,77,75,56,48,88,50.833333333333336
dntvo,6x6x6 metodi,97,83,46,79,69,42.5
xhuov,Fikriy hujum metodi,40,43,42,57,73,57.833333333333336
tnihz,induksiya metodi,92,90,46,79,55,53.166666666666664
zqbyx,induksiya metodi,36,45,46,64,52,56.833333333333336
chlaj,induksiya metodi,98,38,47,77,95,59.833333333333336
tcfgt,Fikriy hujum metodi,52,39,67,88,97,50.5
wyrks,6x6x6 metodi,72,41,82,43,81,54.333333333333336
eskxl,Fikriy hujum metodi,90,70,50,77,85,56.0
jhxid,Fikriy hujum metodi,64,73,68,44,41,50.833333333333336
euhwi,Analogiya metodi,37,96,30,71,60,64.5
oopnh,klaster metodi,59,72,55,41,88,51.5
rjtfl,Fikriy hujum metodi,98,40,76,52,72,37.666666666666664
bgpcm,Deduksiya metodi,68,84,47,71,55,62.166666666666664
crkhf,klaster metodi,47,70,71,62,72,52.0
aawhe,Analogiya metodi,43,84,87,39,57,50.0
pkedf,induksiya metodi,43,55,46,63,43,46.0
nvsil,6x6x6 metodi,55,63,53,99,49,37.666666666666664
knwpa,Taqqoslash usuli,68,74,63,51,62,52.666666666666664
mwuum,6x6x6 metodi,35,45,52,47,43,48.166666666666664
bdfzw,Analogiya metodi,79,90,65,44,34,53.833333333333336
eycad,klaster metodi,82,77,40,31,53,50.0
ytbze,Analogiya metodi,97,41,88,96,61,52.166666666666664
citfr,klaster metodi,65,50,99,95,38,57.333333333333336
fslyk,klaster metodi,73,88,53,92,70,52.333333333333336
bolli,induksiya metodi,31,57,45,88,30,48.166666666666664
uxbvc,Fikriy hujum metodi,30,60,51,88,57,58.333333333333336
lzpux,Fikriy hujum metodi,56,30,31,95,78,45.5
zauct,Analogiya metodi,48,57,99,68,48,59.333333333333336
bisor,Fikriy hujum metodi,93,87,46,99,70,60.0
zkywp,Analogiya metodi,34,52,98,39,97,44.166666666666664
vqelk,6x6x6 metodi,41,39,89,59,53,68.5
ocatp,Taqqoslash usuli,98,42,38,47,64,55.833333333333336
bbchx,6x6x6 metodi,33,70,55,73,71,60.0
ogfit,Taqqoslash usuli,39,30,83,45,75,42.5
ahwwc,induksiya metodi,42,93,84,92,47,74.33333333333333
dzyof,zakovatli zukko metodi,90,49,94,93,93,48.0
oucyu,Deduksiya metodi,42,97,99,86,74,63.666666666666664
untnd,Deduksiya metodi,67,83,65,96,40,32.166666666666664
lqgic,zakovatli zukko metodi,56,46,62,34,91,50.833333333333336
morsa,6x6x6 metodi,94,96,73,43,86,52.666666666666664
fwbxn,Fikriy hujum metodi,77,46,73,33,59,41.0
fnduh,Deduksiya metodi,84,59,47,73,91,49.166666666666664
csntq,Taqqoslash usuli,60,45,52,43,31,63.833333333333336
yhxnz,induksiya metodi,41,87,85,53,66,40.5
fwvpy,Taqqoslash usuli,58,71,47,32,42,61.0
snscj,klaster metodi,58,95,88,77,33,62.166666666666664
sitmg,Analogiya metodi,80,34,68,70,34,53.666666666666664
niwys,Fikriy hujum metodi,37,85,54,81,81,50.0
otnxf,Fikriy hujum metodi,36,90,76,95,88,55.0
udhqi,Deduksiya metodi,34,73,71,90,92,53.333333333333336
axtyn,zakovatli zukko metodi,79,67,83,73,53,52.0
kucin,Analogiya metodi,92,68,41,92,38,44.333333333333336
iddhb,Deduksiya metodi,51,65,57,85,58,54.833333333333336
invix,klaster metodi,34,33,80,44,89,59.5
wpqpl,Deduksiya metodi,55,52,58,86,91,51.0
cknru,Deduksiya metodi,88,77,64,75,62,60.5
uepte,Analogiya metodi,39,77,73,99,92,51.666666666666664
claui,Deduksiya metodi,78,70,68,52,42,58.833333333333336
idcqb,klaster metodi,82,99,86,96,77,52.333333333333336
xahmw,Fikriy hujum metodi,49,91,74,92,37,59.333333333333336
ohlvl,zakovatli zukko metodi,55,67,70,31,36,64.16666666666667
noois,Deduksiya metodi,54,80,79,93,41,53.166666666666664
ztvhu,Analogiya metodi,82,39,90,84,97,58.333333333333336
sftys,Analogiya metodi,71,95,73,57,87,55.333333333333336
dwgdv,zakovatli zukko metodi,31,84,63,49,76,55.666666666666664
lmcvl,zakovatli zukko metodi,55,30,94,44,43,66.16666666666667
bxbwi,Taqqoslash usuli,84,30,62,99,85,49.166666666666664
ahwff,Deduksiya metodi,52,83,32,75,35,59.666666666666664
vyrql,Analogiya metodi,54,46,57,61,52,45.833333333333336
fzhsj,6x6x6 metodi,45,55,62,87,77,41.5
aymqc,Deduksiya metodi,84,70,91,46,88,73.0
hncpm,induksiya metodi,43,50,92,75,84,43.333333333333336
txqmf,zakovatli zukko metodi,91,68,71,77,57,52.166666666666664
qnqhk,Fikriy hujum metodi,35,88,99,68,86,52.333333333333336
tazgu,Fikriy hujum metodi,83,89,46,69,95,63.333333333333336
uqjkv,6x6x6 metodi,83,73,96,86,65,48.833333333333336
iixeq,Deduksiya metodi,86,72,73,91,90,58.833333333333336
iqxus,klaster metodi,40,62,95,52,78,48.166666666666664
gwigm,Fikriy hujum metodi,49,44,95,59,33,50.0
knskm,zakovatli zukko metodi,93,94,37,81,43,59.333333333333336
nmahl,Fikriy hujum metodi,87,40,88,53,61,51.166666666666664
slhhu,klaster metodi,75,57,45,71,45,61.333333333333336
mlpam,induksiya metodi,41,91,63,67,76,43.0
zgzeh,Fikriy hujum metodi,51,32,30,82,93,61.333333333333336
ynwmo,Fikriy hujum metodi,73,76,67,92,70,59.166666666666664
wqotr,Analogiya metodi,50,74,42,95,95,53.333333333333336
rbdad,Fikriy hujum metodi,72,91,77,55,90,46.833333333333336
resoh,Deduksiya metodi,91,43,83,70,89,60.333333333333336
tqalz,Fikriy hujum metodi,38,73,85,32,88,53.666666666666664
soigb,Deduksiya metodi,42,59,82,80,71,51.166666666666664
ijbsk,Fikriy hujum metodi,55,88,98,32,70,71.33333333333333
mjnrs,Deduksiya metodi,30,94,99,79,88,44.833333333333336
viygc,Fikriy hujum metodi,92,54,39,30,43,68.5
tfubf,zakovatli zukko metodi,50,87,67,30,34,39.833333333333336
cphbq,6x6x6 metodi,73,94,86,74,89,60.5
ilcka,zakovatli zukko metodi,95,76,55,38,80,53.5
wmoze,Deduksiya metodi,37,34,68,97,69,55.666666666666664
uqywx,Fikriy hujum metodi,65,50,55,85,86,39.166666666666664
yfuvk,klaster metodi,88,36,71,42,63,51.666666666666664
rdcmw,induksiya metodi,82,75,86,90,85,52.833333333333336
iufzl,Analogiya metodi,58,43,97,42,46,56.333333333333336
bcclo,zakovatli zukko metodi,58,31,91,49,85,51.833333333333336
iwhkp,Analogiya metodi,81,54,91,46,68,59.0
zyvda,Analogiya metodi,39,88,54,57,90,51.833333333333336
xgbxe,klaster metodi,87,73,52,46,67,57.5
gdexa,Analogiya metodi,59,48,61,49,93,49.0
aotsj,zakovatli zukko metodi,65,94,72,55,36,48.166666666666664
rckok,klaster metodi,63,65,35,66,91,49.833333333333336
qqfeh,induksiya metodi,89,93,79,81,46,64.33333333333333
bptxl,6x6x6 metodi,89,83,39,54,47,51.166666666666664
fadqm,6x6x6 metodi,93,88,56,87,90,52.166666666666664
rexxc,induksiya metodi,72,40,34,87,68,62.166666666666664
kmdzn,zakovatli zukko metodi,77,49,48,89,55,50.0
vkjsr,Fikriy hujum metodi,54,44,50,76,64,53.333333333333336
fouje,induksiya metodi,73,35,52,68,47,54.833333333333336
zejec,Analogiya metodi,69,65,57,93,87,58.666666666666664
wfdri,klaster metodi,67,73,31,64,30,57.666666666666664
qmotq,zakovatli zukko metodi,75,89,92,74,86,53.5
mpvde,zakovatli zukko metodi,66,36,45,79,43,52.666666666666664
eiqmb,6x6x6 metodi,35,90,50,39,61,58.833333333333336
mvuws,Taqqoslash usuli,35,31,68,78,56,42.833333333333336
cjbms,Fikriy hujum metodi,85,43,52,80,54,63.833333333333336
zqunl,Deduksiya metodi,82,40,64,84,87,58.666666666666664
ulkgd,6x6x6 metodi,97,66,38,57,84,48.333333333333336
saxcm,Analogiya metodi,75,99,56,39,52,58.333333333333336
obkds,klaster metodi,50,74,32,88,72,48.5
qcrhv,6x6x6 metodi,36,56,91,71,33,57.0
yxzse,klaster metodi,91,37,46,34,92,47.333333333333336
guheq,Analogiya metodi,38,37,36,66,84,49.666666666666664
edvsu,Analogiya metodi,96,37,98,34,46,55.0
bkvmo,6x6x6 metodi,87,92,56,97,57,40.0
lvuvk,6x6x6 metodi,87,79,96,60,41,56.833333333333336
geqxt,6x6x6 metodi,84,33,71,83,51,56.166666666666664
inzlf,induksiya metodi,30,77,72,49,47,56.5
qsszp,6x6x6 metodi,99,78,46,82,51,58.166666666666664
lltfw,klaster metodi,39,53,41,33,71,64.66666666666667
zdfka,Deduksiya metodi,34,55,88,91,34,42.166666666666664
xwoky,Fikriy hujum metodi,55,35,53,82,36,58.833333333333336
srqsu,Analogiya metodi,39,68,57,71,91,54.5
nrsoo,zakovatli zukko metodi,81,51,86,40,43,47.833333333333336
dgmcp,6x6x6 metodi,60,33,51,93,90,44.666666666666664
ihtmq,Deduksiya metodi,35,97,35,95,65,56.166666666666664
qqahs,Taqqoslash usuli,44,69,70,36,51,35.5
fcemo,klaster metodi,40,31,59,97,82,48.333333333333336
nwprv,6x6x6 metodi,50,54,34,95,78,48.0
vkcvj,induksiya metodi,37,56,31,57,40,47.833333333333336
juplb,Analogiya metodi,75,50,71,61,61,50.333333333333336
ixcxy,Deduksiya metodi,51,50,51,63,39,51.333333333333336
ocsrh,klaster metodi,94,94,96,72,70,49.5
zqhgg,6x6x6 metodi,42,33,52,99,63,57.0
cadye,zakovatli zukko metodi,70,47,62,54,81,44.833333333333336
aoemh,Deduksiya metodi,46,80,32,84,85,59.333333333333336
heiad,Analogiya metodi,64,97,88,88,42,52.0
cbhwi,Deduksiya metodi,91,76,32,50,94,39.666666666666664
bnndf,Deduksiya metodi,47,42,74,91,59,44.666666666666664
kchcn,klaster metodi,43,82,39,60,35,56.166666666666664
mmbms,6x6x6 metodi,48,41,93,84,96,48.666666666666664
fpbhq,6x6x6 metodi,38,35,30,71,84,45.333333333333336
wbjpf,klaster metodi,78,59,64,92,51,52.166666666666664
bbzmx,zakovatli zukko metodi,72,57,47,61,98,56.5
obgch,Fikriy hujum metodi,83,63,60,33,43,66.0
wnxwv,induksiya metodi,44,89,49,49,78,55.666666666666664
gugaq,Fikriy hujum metodi,97,47,53,56,62,41.0
iumus,induksiya metodi,93,54,98,47,74,45.166666666666664
usyyv,induksiya metodi,49,64,35,38,81,45.5
qwwjj,Fikriy hujum metodi,57,48,92,36,66,41.833333333333336
dhvtt,klaster metodi,65,46,66,89,78,47.166666666666664
rnrnt,Analogiya metodi,85,63,59,56,80,41.5
uxovd,klaster metodi,38,49,76,48,97,61.666666666666664
mwhrl,Deduksiya metodi,41,34,98,54,60,52.333333333333336
wnbrx,zakovatli zukko metodi,75,63,70,97,67,45.166666666666664
bkilq,Taqqoslash usuli,75,98,56,72,74,55.0
oyqzz,Fikriy hujum metodi,47,61,31,70,49,59.666666666666664
rvfqw,Fikriy hujum metodi,87,67,30,98,83,57.333333333333336
xrhif,Analogiya metodi,43,54,38,90,81,59.666666666666664
elyky,zakovatli zukko metodi,37,45,37,52,63,46.166666666666664
aksib,Deduksiya metodi,47,73,44,44,52,54.5
lddro,6x6x6 metodi,94,61,61,62,72,48.833333333333336
smsqf,klaster metodi,42,38,91,86,77,61.166666666666664
pxlse,Fikriy hujum metodi,72,96,61,89,30,68.5
qzwza,Taqqoslash usuli,86,98,98,97,90,56.5
yxwjo,Deduksiya metodi,37,36,66,71,61,56.0
wuukm,Fikriy hujum metodi,46,57,99,77,83,55.833333333333336
eaxlk,zakovatli zukko metodi,71,65,95,60,94,51.166666666666664
qdoyi,6x6x6 metodi,32,42,60,58,86,59.0
utssl,Fikriy hujum metodi,62,82,39,92,94,67.33333333333333
ejqev,6x6x6 metodi,31,31,98,66,31,69.83333333333333
pgico,induksiya metodi,90,69,92,54,67,63.5
prncl,induksiya metodi,66,56,79,63,73,56.333333333333336
igimr,Fikriy hujum metodi,33,81,84,41,43,61.166666666666664
emdbp,zakovatli zukko metodi,64,35,76,52,97,57.833333333333336
iifkv,Analogiya metodi,94,88,38,87,77,56.666666666666664
xvadm,induksiya metodi,92,38,73,75,44,60.166666666666664
wmmbi,Fikriy hujum metodi,82,77,71,46,64,49.666666666666664
xhgdr,6x6x6 metodi,60,33,77,43,54,53.5
cfllu,Deduksiya metodi,75,77,69,79,36,44.333333333333336
hvvad,zakovatli zukko metodi,89,64,92,49,45,48.5
ukcmy,klaster metodi,51,65,48,31,97,42.0
qvvju,6x6x6 metodi,36,76,78,72,61,50.333333333333336
loujn,zakovatli zukko metodi,46,43,61,89,89,53.666666666666664
mefxb,zakovatli zukko metodi,81,95,33,92,62,56.833333333333336
vqdnj,Taqqoslash usuli,30,93,66,99,36,56.333333333333336
cycof,induksiya metodi,53,97,84,32,52,48.833333333333336
qlvtx,klaster metodi,65,86,77,42,90,66.16666666666667
kydzz,klaster metodi,53,72,62,53,51,58.0
fatwp,klaster metodi,81,35,48,58,93,56.166666666666664
oqhzl,Fikriy hujum metodi,43,59,50,94,33,35.833333333333336
vujoi,induksiya metodi,75,37,47,89,74,55.333333333333336
befgu,6x6x6 metodi,60,57,93,66,96,58.5
yawzg,6x6x6 metodi,97,64,65,86,99,52.333333333333336
tylpp,Deduksiya metodi,33,78,68,47,89,56.833333333333336
kudmg,zakovatli zukko metodi,39,52,97,88,36,61.5
dosik,Analogiya metodi,42,32,69,40,80,57.166666666666664
hawyx,Fikriy hujum metodi,52,61,70,71,67,63.666666666666664
hmvdh,Deduksiya metodi,96,71,72,62,66,58.166666666666664
cibbm,Taqqoslash usuli,86,93,93,89,81,55.833333333333336
owlzd,Fikriy hujum metodi,97,56,88,48,32,63.833333333333336
zhiwe,zakovatli zukko metodi,68,95,85,35,57,63.5
xtrko,Taqqoslash usuli,77,77,96,83,45,54.666666666666664
viqzl,zakovatli zukko metodi,64,59,77,98,37,55.666666666666664
gjyzy,Analogiya metodi,80,39,57,65,89,59.666666666666664
jmskm,Fikriy hujum metodi,39,43,92,76,98,54.5
uhhdo,Fikriy hujum metodi,85,35,48,81,91,63.666666666666664
kkaqo,zakovatli zukko metodi,78,40,75,98,74,51.166666666666664
tfxvy,klaster metodi,87,61,39,42,42,65.16666666666667
oinrz,zakovatli zukko metodi,65,48,36,44,75,46.833333333333336
qrett,Deduksiya metodi,77,95,33,32,32,61.5
ikxva,induksiya metodi,98,57,52,59,91,61.0
rfboz,Fikriy hujum metodi,80,70,93,72,87,40.5
uneff,Analogiya metodi,88,69,75,91,78,48.833333333333336
vrnjn,Fikriy hujum metodi,52,73,73,48,73,52.166666666666664
mcfhl,Fikriy hujum metodi,40,89,67,32,45,65.5
mklaq,Fikriy hujum metodi,38,70,67,98,94,45.166666666666664
pkmrk,klaster metodi,64,64,77,37,56,44.5
lfipd,zakovatli zukko metodi,38,59,43,52,58,55.5
cpxzy,Fikriy hujum metodi,55,44,96,45,42,44.5
lkeyr,zakovatli zukko metodi,53,91,86,65,89,44.666666666666664
swwfv,Analogiya metodi,51,32,65,65,39,60.333333333333336
rzfdl,zakovatli zukko metodi,50,78,38,81,77,58.833333333333336
sbqkk,Deduksiya metodi,89,79,68,45,57,48.666666666666664
upbbw,induksiya metodi,35,90,35,95,69,55.333333333333336
hmjhd,Analogiya metodi,91,57,76,38,81,58.166666666666664
oakgq,Analogiya metodi,44,63,49,89,87,71.66666666666667
txrvv,Taqqoslash usuli,96,31,79,43,85,51.166666666666664
liejd,induksiya metodi,98,73,75,35,37,52.166666666666664
ejkux,klaster metodi,68,73,56,45,68,51.666666666666664
jhbwh,Deduksiya metodi,30,80,92,62,79,53.333333333333336
pveyc,zakovatli zukko metodi,83,56,48,57,52,57.0
lmmjd,6x6x6 metodi,93,68,78,88,49,59.0
ivxwb,Deduksiya metodi,90,38,52,36,60,46.333333333333336
saygq,zakovatli zukko metodi,89,90,55,83,60,54.166666666666664
cttuc,6x6x6 metodi,70,57,35,63,38,50.333333333333336
cqgzn,Taqqoslash usuli,41,45,60,62,36,57.5
qrmtt,Taqqoslash usuli,32,49,34,96,67,48.166666666666664
urdar,klaster metodi,85,52,31,50,43,49.666666666666664
azzmt,Analogiya metodi,91,40,33,76,49,57.166666666666664
twjki,Deduksiya metodi,81,45,74,37,91,55.166666666666664
iezaq,6x6x6 metodi,50,93,59,65,34,43.166666666666664
vbxmi,Deduksiya metodi,67,48,56,42,38,57.333333333333336
dekxs,6x6x6 metodi,46,73,74,71,80,62.166666666666664
uclzs,Deduksiya metodi,87,87,59,34,37,59.833333333333336
smgow,Analogiya metodi,66,76,74,34,92,50.0
gzheu,6x6x6 metodi,76,54,79,74,59,48.666666666666664
ndwjt,Deduksiya metodi,77,80,84,84,75,58.5
ortmh,Fikriy hujum metodi,60,63,97,62,85,48.833333333333336
ipspg,zakovatli zukko metodi,87,86,46,40,46,57.333333333333336
nnydz,Taqqoslash usuli,39,55,35,45,33,65.0
oceac,klaster metodi,91,93,85,52,62,61.166666666666664
oxhdb,Taqqoslash usuli,60,36,34,66,30,63.333333333333336
xxjdc,6x6x6 metodi,99,74,76,97,59,66.5
byqwu,Taqqoslash usuli,89,53,60,57,74,50.666666666666664
xtwme,klaster metodi,33,90,68,53,75,54.166666666666664
uiyyv,zakovatli zukko metodi,82,77,38,51,31,61.0
feyjh,Taqqoslash usuli,45,34,41,81,55,51.333333333333336
ggfut,Fikriy hujum metodi,44,96,88,68,92,52.5
csvod,induksiya metodi,54,70,57,50,90,70.16666666666667
lfsdo,Deduksiya metodi,86,40,48,30,61,40.5
iemwz,zakovatli zukko metodi,63,46,84,48,71,54.666666666666664
reyps,6x6x6 metodi,88,67,60,95,98,54.833333333333336
nypov,Taqqoslash usuli,79,59,64,88,46,66.66666666666667
dgpxv,Deduksiya metodi,95,50,81,94,43,59.5
uvuhq,Deduksiya metodi,45,84,38,37,63,48.666666666666664
pwjjb,zakovatli zukko metodi,62,36,50,34,41,59.166666666666664
iqkjv,Fikriy hujum metodi,88,87,66,74,54,57.166666666666664
yqdpt,klaster metodi,56,80,71,71,89,58.666666666666664
oyuef,Deduksiya metodi,87,51,87,40,35,44.666666666666664
qaysd,klaster metodi,51,41,56,30,93,51.333333333333336
qixbh,Taqqoslash usuli,68,89,99,83,54,46.5
ogfao,6x6x6 metodi,49,65,52,30,56,56.5
wzgyq,zakovatli zukko metodi,81,31,50,38,77,35.666666666666664
biimf,Deduksiya metodi,68,71,74,31,96,37.833333333333336
fttuc,Fikriy hujum metodi,72,47,68,35,71,51.333333333333336
qqlpo,6x6x6 metodi,81,56,44,48,91,59.833333333333336
mwaqc,6x6x6 metodi,93,80,76,86,49,48.333333333333336
zoddr,6x6x6 metodi,49,93,67,67,94,59.166666666666664
qsktc,Taqqoslash usuli,34,93,56,49,89,52.333333333333336
hnzan,Fikriy hujum metodi,69,35,65,94,40,65.16666666666667
bwdxs,zakovatli zukko metodi,78,57,51,76,95,64.33333333333333
fyaqh,Analogiya metodi,54,96,61,46,69,48.0
suaep,induksiya metodi,59,88,57,76,52,44.833333333333336
fhmpc,Deduksiya metodi,86,30,58,79,93,55.5
slpkj,Deduksiya metodi,66,90,36,93,47,51.833333333333336
ytdlw,Deduksiya metodi,58,89,83,50,50,44.0
bxvsy,klaster metodi,87,78,65,46,82,45.666666666666664
ehgnx,Analogiya metodi,44,69,80,94,42,49.666666666666664
wcrpw,6x6x6 metodi,67,55,44,34,31,48.5
ssrtp,6x6x6 metodi,94,89,85,67,86,54.666666666666664
haqlu,klaster metodi,80,70,99,81,30,71.16666666666667
kelqf,zakovatli zukko metodi,47,56,71,35,53,62.666666666666664
aeyne,induksiya metodi,74,36,45,87,86,50.333333333333336
vxarp,Fikriy hujum metodi,71,43,85,41,44,46.833333333333336
isveb,Analogiya metodi,37,87,82,38,75,49.833333333333336
ogdam,Analogiya metodi,36,73,43,35,64,42.333333333333336
tvgow,Taqqoslash usuli,99,90,53,31,80,61.0
nwsvx,6x6x6 metodi,60,56,60,99,72,44.666666666666664
txrji,Analogiya metodi,81,43,88,49,81,58.166666666666664
yhzjq,zakovatli zukko metodi,69,97,73,35,86,45.166666666666664
bfzei,Analogiya metodi,87,59,81,40,76,60.333333333333336
erzti,Deduksiya metodi,34,32,44,31,31,47.333333333333336
qqlgc,klaster metodi,83,75,70,98,59,40.666666666666664
jbycp,6x6x6 metodi,73,39,59,78,64,37.0
bxjfv,Taqqoslash usuli,94,46,60,99,81,44.5
zkwgo,Fikriy hujum metodi,55,34,43,80,44,49.0
ftivt,zakovatli zukko metodi,41,75,93,88,55,61.666666666666664
lstco,induksiya metodi,58,33,79,54,69,42.5
bubvc,zakovatli zukko metodi,61,66,39,67,90,58.333333333333336
fojia,Fikriy hujum metodi,56,36,38,88,65,62.5
pfidb,Taqqoslash usuli,59,48,70,84,35,51.0
