F.I.Sh,ijtimoiy holati,Python,Kompyuterli nigoh,Data mining,Web texnologiyalar,Suniy intellekt,o'rtacha bahosi,davomat,kursdan o'tishi
gtokh,ijtimoiy ximoyaga muhtoj oila reestr,2,4,2,4,4,3.2,61%,0
ugzsw,yoshlar daftari,2,3,4,2,4,3.0,78%,0
kkxud,temir daftar,3,2,2,2,3,2.4,70%,0
hxcvu,chin yetim,4,2,4,4,3,3.4,14%,0
bxlfb,boquvchisini yo'qotgan,2,4,2,2,3,2.6,45%,0
ualzv,temir daftar,2,2,4,3,2,2.6,63%,0
lyqjp,boquvchisini yo'qotgan,4,3,3,4,4,3.6,45%,0
ooslw,ijtimoiy ximoyaga muhtoj oila reestr,4,4,4,2,2,3.2,55%,0
tyces,yolg'iz,3,2,2,2,4,2.6,43%,0
guigr,chin yetim,3,3,3,3,2,2.8,74%,0
dynrz,oilali,2,4,3,2,2,2.6,28%,0
izubt,chin yetim,4,4,4,2,2,3.2,94%,0
oglho,ijtimoiy ximoyaga muhtoj oila reestr,4,3,4,4,4,3.8,61%,0
cnqdr,chin yetim,4,2,3,4,3,3.2,88%,0
hdbfv,oilali,3,3,4,2,4,3.2,51%,0
jdvrz,yoshlar daftari,3,3,2,4,3,3.0,53%,0
lbjdn,boquvchisini yo'qotgan,2,3,2,2,4,2.6,87%,0
pohnw,oilali,3,4,3,4,3,3.4,56%,0
yhupm,temir daftar,4,2,3,3,2,2.8,82%,0
rouxz,ijtimoiy ximoyaga muhtoj oila reestr,4,3,3,4,2,3.2,65%,0
ymiom,yoshlar daftari,4,4,4,3,2,3.4,21%,0
aygix,temir daftar,2,4,3,4,3,3.2,19%,0
alhxk,temir daftar,3,3,3,2,3,2.8,32%,0
sqhcc,ijtimoiy ximoyaga muhtoj oila reestr,3,4,4,2,4,3.4,71%,0
aejgz,yoshlar daftari,3,4,2,4,4,3.4,24%,0
igihl,yolg'iz,2,2,3,4,3,2.8,45%,0
bapww,temir daftar,4,4,3,4,4,3.8,72%,0
xeclh,temir daftar,4,2,3,2,3,2.8,97%,0
vcace,yoshlar daftari,3,4,3,2,2,2.8,56%,0
oncae,chin yetim,2,3,2,3,2,2.4,86%,0
zwngi,temir daftar,2,3,2,4,3,2.8,4%,0
oozjm,boquvchisini yo'qotgan,3,3,4,3,2,3.0,54%,0
sgqtd,yoshlar daftari,2,2,3,2,3,2.4,60%,0
ewgmo,temir daftar,2,4,4,4,4,3.6,88%,0
kdmgs,ijtimoiy ximoyaga muhtoj oila reestr,3,2,4,3,4,3.2,7%,0
vbjmy,oilali,4,3,3,2,2,2.8,15%,0
ufllt,boquvchisini yo'qotgan,4,4,2,2,3,3.0,47%,0
kzwyg,oilali,2,2,4,2,4,2.8,60%,0
aayyt,oilali,2,3,2,2,2,2.2,14%,0
micgf,temir daftar,4,3,2,4,3,3.2,64%,0
hieas,boquvchisini yo'qotgan,4,4,3,2,4,3.4,21%,0
jlxov,boquvchisini yo'qotgan,4,2,2,3,3,2.8,2%,0
xitqq,chin yetim,3,2,4,4,3,3.2,53%,0
ztlgb,oilali,2,4,3,4,4,3.4,13%,0
cqeqx,boquvchisini yo'qotgan,2,2,4,3,2,2.6,35%,0
qqbbv,chin yetim,4,2,2,2,4,2.8,81%,0
weaas,yoshlar daftari,3,3,3,2,4,3.0,81%,0
bulzf,chin yetim,2,3,3,4,2,2.8,66%,0
wdwkx,ijtimoiy ximoyaga muhtoj oila reestr,3,4,2,2,3,2.8,9%,0
qfxet,yolg'iz,3,2,2,3,2,2.4,48%,0
bfvkp,temir daftar,3,2,3,4,3,3.0,64%,0
paifp,yoshlar daftari,3,4,2,4,3,3.2,90%,0
ctdsz,yolg'iz,2,4,2,2,4,2.8,56%,0
cstgt,yolg'iz,2,4,3,2,3,2.8,26%,0
iahgr,yoshlar daftari,3,2,4,2,3,2.8,74%,0
hakyy,ijtimoiy ximoyaga muhtoj oila reestr,3,4,2,3,3,3.0,4%,0
rwjcg,chin yetim,3,4,3,3,2,3.0,70%,0
pzpyt,temir daftar,2,3,3,2,4,2.8,82%,0
qbapl,chin yetim,4,4,4,4,4,4.0,56%,0
eewii,boquvchisini yo'qotgan,4,4,2,4,4,3.6,92%,0
csppc,chin yetim,4,3,2,2,2,2.6,14%,0
txvxa,yoshlar daftari,4,4,3,2,4,3.4,98%,0
xtkqh,temir daftar,2,3,3,3,2,2.6,75%,0
dfhtc,chin yetim,4,4,3,4,3,3.6,29%,0
pycyr,temir daftar,2,3,2,3,4,2.8,19%,0
nrbvc,temir daftar,4,3,4,4,4,3.8,36%,0
pidad,boquvchisini yo'qotgan,2,4,2,3,4,3.0,2%,0
anupt,boquvchisini yo'qotgan,4,4,3,2,2,3.0,72%,0
xhgcq,yoshlar daftari,4,3,3,3,3,3.2,40%,0
aplsv,ijtimoiy ximoyaga muhtoj oila reestr,3,2,2,2,4,2.6,38%,0
wvnff,yolg'iz,3,4,3,2,4,3.2,25%,0
msvhb,temir daftar,2,3,3,3,2,2.6,1%,0
uaoae,ijtimoiy ximoyaga muhtoj oila reestr,3,2,4,3,3,3.0,22%,0
psdcq,yolg'iz,3,4,3,2,2,2.8,22%,0
qlnuf,yolg'iz,3,3,4,4,4,3.6,84%,0
ciexq,yoshlar daftari,3,4,4,2,4,3.4,15%,0
nucat,yolg'iz,2,2,4,2,3,2.6,8%,0
uwacr,yolg'iz,3,4,3,2,3,3.0,12%,0
yjvzc,temir daftar,4,4,2,4,3,3.4,27%,0
hnxro,temir daftar,4,2,4,3,2,3.0,26%,0
vwbjb,oilali,3,2,4,2,2,2.6,50%,0
zqhai,ijtimoiy ximoyaga muhtoj oila reestr,4,3,4,2,4,3.4,63%,0
kvpgj,chin yetim,2,4,4,3,2,3.0,51%,0
wzcry,boquvchisini yo'qotgan,3,2,4,2,3,2.8,80%,0
xmzgy,chin yetim,3,3,2,3,3,2.8,37%,0
dmtah,ijtimoiy ximoyaga muhtoj oila reestr,3,4,4,2,2,3.0,99%,0
npnls,boquvchisini yo'qotgan,3,4,3,3,4,3.4,64%,0
wobbw,chin yetim,4,4,2,2,3,3.0,17%,0
vsyzv,oilali,2,4,4,2,3,3.0,62%,0
zzvqt,boquvchisini yo'qotgan,3,2,3,3,3,2.8,50%,0
jfovk,temir daftar,4,4,2,4,3,3.4,8%,0
eahul,chin yetim,4,2,4,3,3,3.2,12%,0
legdf,boquvchisini yo'qotgan,2,4,4,4,3,3.4,39%,0
mtocw,oilali,2,4,3,3,3,3.0,54%,0
htpmr,yolg'iz,4,4,4,4,4,4.0,78%,0
jsqxs,boquvchisini yo'qotgan,4,4,4,4,3,3.8,42%,0
zwzez,boquvchisini yo'qotgan,4,2,3,4,2,3.0,43%,0
uwilu,oilali,4,2,2,2,2,2.4,67%,0
azzao,yolg'iz,3,3,2,4,2,2.8,32%,0
bvpyh,chin yetim,3,4,3,3,4,3.4,23%,0
muapg,yoshlar daftari,2,2,2,2,4,2.4,35%,0
evwcl,chin yetim,4,4,3,4,2,3.4,9%,0
zpsev,yolg'iz,3,2,2,4,4,3.0,99%,0
yneoq,ijtimoiy ximoyaga muhtoj oila reestr,2,2,3,4,3,2.8,19%,0
ntelp,oilali,3,3,2,3,3,2.8,74%,0
zzpug,chin yetim,2,4,4,3,2,3.0,11%,0
daewz,boquvchisini yo'qotgan,4,3,3,2,3,3.0,61%,0
jvedb,oilali,4,2,4,4,4,3.6,17%,0
tjzsz,temir daftar,3,3,4,4,2,3.2,93%,0
axemd,yolg'iz,2,3,3,2,4,2.8,62%,0
pxpwb,chin yetim,3,4,2,3,3,3.0,83%,0
qtxlr,oilali,2,3,2,3,2,2.4,24%,0
caask,chin yetim,3,4,4,4,3,3.6,11%,0
elcaa,oilali,3,4,4,2,2,3.0,20%,0
hjklm,boquvchisini yo'qotgan,2,4,4,4,2,3.2,24%,0
lnbsr,temir daftar,3,4,3,3,3,3.2,10%,0
cwqzh,temir daftar,2,3,4,2,4,3.0,63%,0
zjzbs,ijtimoiy ximoyaga muhtoj oila reestr,4,2,4,4,2,3.2,72%,0
igdzu,oilali,4,3,4,3,4,3.6,49%,0
rmkxd,chin yetim,2,2,4,2,4,2.8,61%,0
yuydj,temir daftar,2,3,4,3,3,3.0,88%,0
eixcq,yolg'iz,4,3,4,3,4,3.6,98%,0
cpdrq,temir daftar,4,2,4,4,3,3.4,95%,0
gxwel,yoshlar daftari,4,2,3,3,2,2.8,48%,0
qwmwy,yoshlar daftari,3,3,3,3,2,2.8,13%,0
ciqqt,temir daftar,2,3,3,2,2,2.4,0%,0
pyvms,oilali,2,3,3,4,2,2.8,80%,0
qdlis,ijtimoiy ximoyaga muhtoj oila reestr,3,2,3,2,3,2.6,24%,0
lignt,temir daftar,4,4,2,3,3,3.2,58%,0
szopu,boquvchisini yo'qotgan,2,3,2,3,2,2.4,71%,0
eclyt,chin yetim,3,2,3,4,3,3.0,68%,0
uduwp,ijtimoiy ximoyaga muhtoj oila reestr,2,4,3,4,3,3.2,4%,0
ygmuj,boquvchisini yo'qotgan,4,2,3,3,2,2.8,98%,0
zgnze,ijtimoiy ximoyaga muhtoj oila reestr,4,2,2,4,2,2.8,18%,0
cwkkr,boquvchisini yo'qotgan,3,3,3,2,3,2.8,22%,0
olijz,chin yetim,3,3,3,3,3,3.0,8%,0
lqfgn,chin yetim,2,3,3,4,2,2.8,93%,0
mhjir,yoshlar daftari,2,2,2,3,3,2.4,49%,0
zbeef,oilali,4,4,2,4,4,3.6,15%,0
shpma,boquvchisini yo'qotgan,2,2,4,3,4,3.0,32%,0
vtqgy,yoshlar daftari,4,3,3,2,2,2.8,1%,0
mddfs,boquvchisini yo'qotgan,4,3,2,4,3,3.2,13%,0
lvgjz,yoshlar daftari,4,2,2,3,4,3.0,0%,0
sgcmm,chin yetim,3,2,2,4,4,3.0,89%,0
rzthi,ijtimoiy ximoyaga muhtoj oila reestr,4,3,4,4,2,3.4,57%,0
gacmy,yolg'iz,2,4,4,2,4,3.2,88%,0
qyxaf,yoshlar daftari,3,3,3,4,2,3.0,15%,0
ufzlm,boquvchisini yo'qotgan,4,4,2,2,2,2.8,78%,0
moupv,boquvchisini yo'qotgan,3,4,2,4,3,3.2,89%,0
ukedc,yolg'iz,3,2,2,4,2,2.6,46%,0
styro,oilali,4,2,4,4,4,3.6,43%,0
iqnoa,chin yetim,4,3,4,2,3,3.2,79%,0
uvvcp,boquvchisini yo'qotgan,3,4,3,4,2,3.2,13%,0
wyklj,temir daftar,4,3,2,4,2,3.0,92%,0
phflx,ijtimoiy ximoyaga muhtoj oila reestr,2,3,2,3,2,2.4,23%,0
uhzdz,yoshlar daftari,4,2,4,4,2,3.2,54%,0
hzrei,oilali,4,2,2,4,4,3.2,14%,0
dvqia,yolg'iz,3,4,3,4,2,3.2,82%,0
utmpm,ijtimoiy ximoyaga muhtoj oila reestr,4,2,2,2,3,2.6,71%,0
ncfrs,chin yetim,4,2,2,3,4,3.0,33%,0
eoybj,oilali,4,3,3,4,3,3.4,1%,0
xrmew,yoshlar daftari,4,4,2,2,4,3.2,26%,0
xavar,yoshlar daftari,4,4,4,4,4,4.0,73%,0
oqkuz,yolg'iz,3,4,3,3,4,3.4,98%,0
yvqma,temir daftar,4,3,3,4,4,3.6,86%,0
bicau,yolg'iz,3,3,3,2,3,2.8,71%,0
pwfqe,chin yetim,2,4,4,3,4,3.4,91%,0
efcuw,oilali,4,4,4,2,2,3.2,22%,0
euejj,oilali,3,3,3,4,4,3.4,67%,0
squni,boquvchisini yo'qotgan,2,2,3,2,2,2.2,13%,0
nasmm,temir daftar,2,2,2,3,3,2.4,62%,0
daqhb,temir daftar,2,3,4,2,4,3.0,92%,0
hgzzb,oilali,3,3,4,3,2,3.0,64%,0
vvcrl,oilali,4,2,4,3,4,3.4,67%,0
avley,ijtimoiy ximoyaga muhtoj oila reestr,4,2,3,2,3,2.8,62%,0
qpowo,ijtimoiy ximoyaga muhtoj oila reestr,2,4,2,3,3,2.8,95%,0
eunbk,ijtimoiy ximoyaga muhtoj oila reestr,4,3,2,4,3,3.2,96%,0
sgfbf,temir daftar,3,2,2,4,3,2.8,89%,0
rbros,boquvchisini yo'qotgan,2,4,3,3,4,3.2,80%,0
btyfa,yoshlar daftari,4,2,3,3,3,3.0,86%,0
xowjs,ijtimoiy ximoyaga muhtoj oila reestr,4,2,3,4,3,3.2,63%,0
qedjx,boquvchisini yo'qotgan,2,3,2,2,3,2.4,31%,0
qjqtx,yolg'iz,3,2,4,2,3,2.8,78%,0
ebfub,chin yetim,3,4,2,2,2,2.6,12%,0
mkkpk,ijtimoiy ximoyaga muhtoj oila reestr,3,2,4,3,3,3.0,65%,0
soyww,yolg'iz,2,4,3,3,2,2.8,18%,0
pkvph,yoshlar daftari,2,4,2,4,3,3.0,23%,0
dhdxy,chin yetim,4,4,4,3,2,3.4,87%,0
ccrzs,chin yetim,3,2,4,4,4,3.4,10%,0
suerj,yoshlar daftari,4,4,2,2,4,3.2,58%,0
vufae,ijtimoiy ximoyaga muhtoj oila reestr,3,3,4,2,3,3.0,85%,0
ilznb,temir daftar,3,3,4,3,3,3.2,14%,0
qnzmi,yoshlar daftari,3,3,2,4,4,3.2,9%,0
zyoyv,yoshlar daftari,2,2,4,3,3,2.8,40%,0
oxkpq,yoshlar daftari,4,3,2,3,3,3.0,26%,0
zdahq,chin yetim,3,4,2,3,4,3.2,59%,0
ctoox,boquvchisini yo'qotgan,3,2,3,2,3,2.6,72%,0
vnzwn,yolg'iz,2,3,2,3,3,2.6,51%,0
xbmzn,temir daftar,4,4,2,3,2,3.0,27%,0
xsgco,ijtimoiy ximoyaga muhtoj oila reestr,4,2,2,4,3,3.0,64%,0
wnkom,ijtimoiy ximoyaga muhtoj oila reestr,2,4,3,4,2,3.0,16%,0
rzfcs,yolg'iz,3,3,4,4,4,3.6,94%,0
oywej,boquvchisini yo'qotgan,3,3,2,3,2,2.6,43%,0
gyqgv,yoshlar daftari,4,4,3,4,4,3.8,9%,0
zlyqm,temir daftar,3,2,3,2,3,2.6,62%,0
tydjc,ijtimoiy ximoyaga muhtoj oila reestr,3,4,3,3,2,3.0,92%,0
imrod,yolg'iz,4,2,2,4,4,3.2,81%,0
ovboh,oilali,4,3,4,4,4,3.8,46%,0
hqlsj,yolg'iz,2,2,3,2,3,2.4,37%,0
ieftz,ijtimoiy ximoyaga muhtoj oila reestr,2,4,2,3,2,2.6,69%,0
bxmfe,yoshlar daftari,4,3,4,4,3,3.6,75%,0
yauvu,oilali,4,4,2,4,4,3.6,52%,0
ffwpd,boquvchisini yo'qotgan,4,4,3,2,4,3.4,77%,0
kxwiw,temir daftar,4,3,4,3,2,3.2,43%,0
cshed,boquvchisini yo'qotgan,2,4,4,4,3,3.4,73%,0
xfbtk,boquvchisini yo'qotgan,4,4,2,4,2,3.2,53%,0
dofvq,yolg'iz,4,2,4,2,3,3.0,19%,0
xfsyb,temir daftar,2,2,2,4,4,2.8,78%,0
okhzs,temir daftar,4,3,3,2,3,3.0,30%,0
mlefz,ijtimoiy ximoyaga muhtoj oila reestr,2,2,2,3,4,2.6,6%,0
vdsta,ijtimoiy ximoyaga muhtoj oila reestr,3,2,2,3,2,2.4,57%,0
tqloa,temir daftar,2,3,3,3,2,2.6,9%,0
znfek,oilali,2,4,4,3,4,3.4,9%,0
dmkca,chin yetim,2,4,2,3,3,2.8,38%,0
frxje,ijtimoiy ximoyaga muhtoj oila reestr,2,4,3,3,4,3.2,27%,0
wjlbm,chin yetim,4,2,4,4,4,3.6,29%,0
hbtae,yolg'iz,2,2,3,2,3,2.4,36%,0
iqiko,oilali,4,3,3,4,3,3.4,66%,0
xfwcq,temir daftar,2,2,2,2,3,2.2,42%,0
elrnu,oilali,3,4,3,3,3,3.2,78%,0
xkibl,ijtimoiy ximoyaga muhtoj oila reestr,4,2,3,4,4,3.4,84%,0
ccahv,boquvchisini yo'qotgan,4,2,3,4,2,3.0,51%,0
hkien,yolg'iz,4,4,4,4,4,4.0,55%,0
cuees,temir daftar,2,3,3,3,3,2.8,75%,0
nzdym,yoshlar daftari,2,2,2,4,4,2.8,67%,0
jyrhh,yolg'iz,4,3,4,3,4,3.6,8%,0
ghnsf,chin yetim,3,4,4,2,4,3.4,91%,0
awoay,oilali,4,2,3,2,2,2.6,22%,0
qaowb,temir daftar,3,4,3,4,4,3.6,62%,0
nuhhs,yolg'iz,3,2,3,4,3,3.0,60%,0
gsffc,oilali,3,4,2,3,4,3.2,39%,0
gshjt,temir daftar,4,3,2,3,2,2.8,43%,0
ooatg,ijtimoiy ximoyaga muhtoj oila reestr,2,2,2,3,4,2.6,85%,0
dfyae,yolg'iz,4,4,4,4,4,4.0,23%,0
wadvb,ijtimoiy ximoyaga muhtoj oila reestr,3,2,4,3,4,3.2,50%,0
jejav,yolg'iz,4,2,2,2,4,2.8,57%,0
fmodm,ijtimoiy ximoyaga muhtoj oila reestr,4,4,2,3,4,3.4,89%,0
xtxoh,oilali,4,4,3,4,3,3.6,93%,0
eodlm,yoshlar daftari,4,3,4,2,2,3.0,32%,0
bssdd,yolg'iz,2,2,4,2,3,2.6,15%,0
zketk,yolg'iz,2,2,2,4,2,2.4,21%,0
jhffh,ijtimoiy ximoyaga muhtoj oila reestr,3,2,2,2,3,2.4,56%,0
woznk,temir daftar,2,3,3,2,3,2.6,61%,0
lzmhr,yolg'iz,4,2,2,3,3,2.8,81%,0
yaohk,ijtimoiy ximoyaga muhtoj oila reestr,2,4,3,3,4,3.2,70%,0
lldpd,boquvchisini yo'qotgan,4,2,4,2,4,3.2,89%,0
exehj,ijtimoiy ximoyaga muhtoj oila reestr,3,2,2,2,4,2.6,71%,0
qzivs,oilali,3,2,2,2,2,2.2,69%,0
nhivk,yoshlar daftari,3,4,3,2,3,3.0,29%,0
waneu,boquvchisini yo'qotgan,2,4,4,4,2,3.2,22%,0
zndvw,oilali,3,4,2,2,3,2.8,31%,0
yavws,oilali,4,2,3,4,3,3.2,85%,0
houoi,oilali,3,2,2,2,3,2.4,56%,0
uijty,temir daftar,2,3,3,2,4,2.8,8%,0
uzict,oilali,4,4,3,3,3,3.4,30%,0
yzkfb,temir daftar,2,3,2,2,4,2.6,70%,0
grbqk,oilali,4,4,2,2,2,2.8,8%,0
lsvxy,chin yetim,3,2,4,4,2,3.0,12%,0
gtfux,boquvchisini yo'qotgan,2,4,2,4,3,3.0,57%,0
aqkvz,chin yetim,4,3,2,2,3,2.8,2%,0
ruqgq,oilali,2,3,2,4,2,2.6,34%,0
tiqtv,boquvchisini yo'qotgan,4,4,3,2,3,3.2,96%,0
vhqga,boquvchisini yo'qotgan,2,4,4,2,2,2.8,20%,0
mwsxs,yolg'iz,3,2,2,2,3,2.4,63%,0
qmphs,yoshlar daftari,2,4,3,3,4,3.2,94%,0
ranso,chin yetim,4,4,2,4,2,3.2,51%,0
rbvqr,yoshlar daftari,3,3,4,2,4,3.2,33%,0
fsdah,boquvchisini yo'qotgan,4,2,4,3,4,3.4,95%,0
wgcjj,temir daftar,2,2,3,2,2,2.2,34%,0
snbaw,boquvchisini yo'qotgan,3,4,3,4,3,3.4,14%,0
wrgha,yoshlar daftari,4,3,4,3,4,3.6,95%,0
ywcxw,chin yetim,3,2,4,3,4,3.2,5%,0
hvyoe,oilali,4,3,4,3,2,3.2,84%,0
csaoh,yolg'iz,4,2,4,4,4,3.6,96%,0
bcxnx,yolg'iz,3,2,4,3,4,3.2,31%,0
nkpdt,yolg'iz,3,4,2,2,4,3.0,51%,0
evunw,oilali,3,4,3,4,3,3.4,82%,0
prgjg,yolg'iz,2,4,2,2,4,2.8,96%,0
awusp,chin yetim,4,3,3,2,3,3.0,27%,0
sdrba,oilali,3,4,3,2,3,3.0,94%,0
oetkj,yolg'iz,2,4,2,3,4,3.0,84%,0
bcwwl,oilali,3,4,4,3,3,3.4,97%,0
teefi,yoshlar daftari,4,4,3,2,3,3.2,63%,0
bulct,chin yetim,4,3,2,3,4,3.2,78%,0
zvlxq,ijtimoiy ximoyaga muhtoj oila reestr,3,4,4,3,4,3.6,77%,0
jxnwq,temir daftar,4,2,2,2,2,2.4,18%,0
rsqni,yolg'iz,4,3,4,4,4,3.8,14%,0
hbmyg,temir daftar,3,2,4,4,2,3.0,5%,0
ivvkn,oilali,4,3,4,4,2,3.4,72%,0
dzzmb,temir daftar,4,4,3,2,2,3.0,83%,0
wekfr,chin yetim,3,4,2,2,4,3.0,97%,0
ujdif,chin yetim,4,2,4,2,4,3.2,37%,0
bqeyf,boquvchisini yo'qotgan,4,3,4,3,4,3.6,25%,0
zlwuj,yolg'iz,2,2,4,4,2,2.8,81%,0
vuyfh,boquvchisini yo'qotgan,4,3,3,3,3,3.2,91%,0
blmyu,temir daftar,3,4,4,3,4,3.6,50%,0
gjmqz,ijtimoiy ximoyaga muhtoj oila reestr,4,3,4,4,4,3.8,72%,0
uznbv,boquvchisini yo'qotgan,3,4,2,2,3,2.8,95%,0
kasud,boquvchisini yo'qotgan,2,3,2,2,2,2.2,52%,0
szukh,chin yetim,3,3,4,3,2,3.0,55%,0
kdqgh,ijtimoiy ximoyaga muhtoj oila reestr,2,3,3,3,4,3.0,58%,0
cvbwo,oilali,2,4,4,2,2,2.8,69%,0
xvvex,temir daftar,3,3,4,3,3,3.2,77%,0
azdot,boquvchisini yo'qotgan,2,2,3,2,3,2.4,91%,0
sctkq,ijtimoiy ximoyaga muhtoj oila reestr,2,2,2,2,3,2.2,57%,0
mkbiz,yolg'iz,4,2,3,3,2,2.8,87%,0
buiih,ijtimoiy ximoyaga muhtoj oila reestr,4,2,3,4,3,3.2,12%,0
qaykh,temir daftar,2,4,3,3,3,3.0,42%,0
jygcc,ijtimoiy ximoyaga muhtoj oila reestr,2,4,2,2,2,2.4,75%,0
rells,ijtimoiy ximoyaga muhtoj oila reestr,4,2,2,2,2,2.4,50%,0
fblse,ijtimoiy ximoyaga muhtoj oila reestr,3,2,3,2,4,2.8,18%,0
lqqjy,yolg'iz,3,3,3,3,4,3.2,20%,0
wqolp,boquvchisini yo'qotgan,2,3,4,3,2,2.8,90%,0
xshuq,temir daftar,3,4,2,4,2,3.0,82%,0
wevpf,yolg'iz,2,2,3,4,4,3.0,23%,0
hyryl,ijtimoiy ximoyaga muhtoj oila reestr,4,2,3,2,4,3.0,25%,0
ozimz,ijtimoiy ximoyaga muhtoj oila reestr,3,3,3,4,3,3.2,44%,0
ojpgq,boquvchisini yo'qotgan,3,2,2,3,3,2.6,27%,0
wzuvz,temir daftar,2,2,2,4,4,2.8,81%,0
gnoug,chin yetim,2,3,2,4,3,2.8,99%,0
isphr,yolg'iz,4,3,4,3,3,3.4,28%,0
wrtgc,boquvchisini yo'qotgan,3,3,4,4,3,3.4,16%,0
rjgqn,temir daftar,3,4,3,3,3,3.2,67%,0
xclmb,yolg'iz,2,3,2,3,4,2.8,43%,0
cekhz,ijtimoiy ximoyaga muhtoj oila reestr,2,2,3,3,2,2.4,60%,0
wwlgo,temir daftar,4,4,3,4,4,3.8,92%,0
xqdvy,temir daftar,3,4,3,2,3,3.0,67%,0
mrapm,oilali,2,2,4,4,4,3.2,73%,0
jlbwc,temir daftar,3,4,2,4,4,3.4,24%,0
jbwmm,chin yetim,3,3,2,3,4,3.0,94%,0
rcgnt,temir daftar,3,2,4,2,3,2.8,66%,0
qulyp,chin yetim,3,2,4,3,3,3.0,1%,0
xloyj,ijtimoiy ximoyaga muhtoj oila reestr,4,3,2,3,3,3.0,88%,0
ygtea,chin yetim,4,2,4,3,3,3.2,48%,0
qcmnx,yolg'iz,4,4,4,2,3,3.4,69%,0
rdrey,ijtimoiy ximoyaga muhtoj oila reestr,4,3,2,2,2,2.6,25%,0
pauno,ijtimoiy ximoyaga muhtoj oila reestr,2,3,2,2,4,2.6,71%,0
ioqyx,chin yetim,2,4,2,2,4,2.8,98%,0
dlzee,boquvchisini yo'qotgan,2,3,3,2,3,2.6,26%,0
kfgxn,yoshlar daftari,4,2,2,4,4,3.2,88%,0
xkmby,temir daftar,4,2,4,4,3,3.4,17%,0
gtdht,oilali,3,2,3,3,4,3.0,53%,0
vusmn,yoshlar daftari,4,3,3,3,2,3.0,0%,0
jkbyz,temir daftar,2,2,3,3,2,2.4,60%,0
iqzcx,temir daftar,2,3,4,2,3,2.8,2%,0
feevo,ijtimoiy ximoyaga muhtoj oila reestr,3,4,3,3,2,3.0,67%,0
wqict,temir daftar,2,4,4,3,2,3.0,40%,0
zqjcr,oilali,4,4,4,3,2,3.4,36%,0
rqxcc,temir daftar,4,2,4,4,2,3.2,50%,0
fmxoy,chin yetim,2,2,3,4,3,2.8,14%,0
idneb,yoshlar daftari,2,4,3,4,3,3.2,7%,0
kixci,chin yetim,2,3,4,4,4,3.4,37%,0
cyblj,oilali,4,2,3,2,2,2.6,82%,0
iohye,temir daftar,2,4,4,4,3,3.4,55%,0
kbxof,yolg'iz,4,3,4,4,2,3.4,46%,0
hepzr,oilali,2,2,3,3,4,2.8,89%,0
fepme,ijtimoiy ximoyaga muhtoj oila reestr,3,4,3,3,3,3.2,9%,0
mqrhm,chin yetim,2,3,2,2,3,2.4,77%,0
szcxh,chin yetim,4,4,4,3,4,3.8,48%,0
bhmma,boquvchisini yo'qotgan,2,4,3,4,2,3.0,40%,0
fxsph,temir daftar,3,4,3,3,3,3.2,82%,0
apimk,ijtimoiy ximoyaga muhtoj oila reestr,4,3,4,2,4,3.4,29%,0
myujd,yolg'iz,2,4,3,4,3,3.2,4%,0
fgekm,chin yetim,2,4,3,2,2,2.6,94%,0
zyswj,chin yetim,4,2,3,2,2,2.6,70%,0
jkugr,ijtimoiy ximoyaga muhtoj oila reestr,3,2,2,2,2,2.2,82%,0
dbnml,oilali,3,2,3,2,2,2.4,30%,0
gbmnq,oilali,2,2,3,3,3,2.6,51%,0
iqhbx,temir daftar,4,2,2,3,4,3.0,87%,0
mcpfs,boquvchisini yo'qotgan,2,3,2,2,3,2.4,97%,0
gjibo,chin yetim,3,2,2,3,2,2.4,22%,0
evdtd,boquvchisini yo'qotgan,2,3,2,2,4,2.6,47%,0
rdqlv,oilali,3,4,4,4,2,3.4,39%,0
qjvav,oilali,2,4,4,4,2,3.2,5%,0
zxrrn,yoshlar daftari,4,4,3,3,2,3.2,37%,0
oldct,yolg'iz,3,3,3,2,3,2.8,40%,0
lgkaf,temir daftar,2,4,3,2,3,2.8,99%,0
ooskz,yoshlar daftari,4,2,2,2,4,2.8,26%,0
wzbnb,yolg'iz,4,4,2,4,3,3.4,74%,0
dqcmi,yoshlar daftari,4,2,3,4,3,3.2,68%,0
gowkt,yoshlar daftari,3,2,3,3,2,2.6,56%,0
bontv,temir daftar,2,2,3,3,3,2.6,16%,0
kcqlx,temir daftar,2,4,3,4,2,3.0,70%,0
uopet,ijtimoiy ximoyaga muhtoj oila reestr,3,4,3,3,3,3.2,90%,0
fsyec,boquvchisini yo'qotgan,4,2,3,2,2,2.6,46%,0
azfob,boquvchisini yo'qotgan,4,4,2,3,4,3.4,78%,0
cqyxl,ijtimoiy ximoyaga muhtoj oila reestr,3,3,3,2,3,2.8,12%,0
rolph,ijtimoiy ximoyaga muhtoj oila reestr,2,2,3,3,3,2.6,10%,0
nyquh,oilali,3,2,3,3,2,2.6,89%,0
onrtg,yolg'iz,4,4,2,4,2,3.2,85%,0
cluxz,yoshlar daftari,3,3,4,3,4,3.4,91%,0
ctnoy,ijtimoiy ximoyaga muhtoj oila reestr,4,3,3,4,3,3.4,23%,0
ngqlt,chin yetim,2,3,3,2,3,2.6,92%,0
difpy,boquvchisini yo'qotgan,3,4,3,3,2,3.0,72%,0
vvuub,ijtimoiy ximoyaga muhtoj oila reestr,4,4,4,3,4,3.8,3%,0
xhkmq,chin yetim,2,4,2,4,4,3.2,45%,0
hurrn,chin yetim,2,4,4,4,3,3.4,17%,0
ofkmy,chin yetim,2,4,2,2,2,2.4,42%,0
afihk,oilali,4,4,2,3,2,3.0,79%,0
vsxiq,oilali,3,2,2,2,4,2.6,32%,0
lynop,chin yetim,3,3,2,4,4,3.2,92%,0
vvtaj,yolg'iz,3,4,3,3,3,3.2,9%,0
hraba,oilali,4,3,3,2,3,3.0,72%,0
aimam,yoshlar daftari,3,2,2,4,3,2.8,58%,0
tzvgb,chin yetim,4,4,2,4,3,3.4,30%,0
fgznz,yoshlar daftari,2,3,3,2,3,2.6,27%,0
robjw,yoshlar daftari,2,3,2,4,3,2.8,59%,0
lqhkc,chin yetim,2,3,3,3,2,2.6,2%,0
fifig,boquvchisini yo'qotgan,4,4,4,2,4,3.6,54%,0
irlhh,yolg'iz,2,3,3,4,2,2.8,13%,0
rtogk,chin yetim,3,2,2,3,2,2.4,57%,0
tpdfz,chin yetim,3,3,3,2,3,2.8,88%,0
vzcij,oilali,2,3,3,4,4,3.2,14%,0
nkrvl,chin yetim,4,2,2,3,3,2.8,1%,0
wlmym,boquvchisini yo'qotgan,3,3,2,3,3,2.8,23%,0
szswn,oilali,4,3,3,3,2,3.0,77%,0
dmhwu,temir daftar,4,3,3,4,3,3.4,63%,0
wslrf,temir daftar,2,3,2,2,3,2.4,70%,0
rsvex,yoshlar daftari,4,2,4,3,2,3.0,99%,0
icjsc,yolg'iz,3,4,3,3,2,3.0,23%,0
voagl,yoshlar daftari,3,3,3,2,4,3.0,26%,0
quzxt,boquvchisini yo'qotgan,4,3,2,3,4,3.2,36%,0
edltx,ijtimoiy ximoyaga muhtoj oila reestr,2,4,4,2,2,2.8,93%,0
rqsid,yolg'iz,3,3,4,2,2,2.8,90%,0
zubdb,temir daftar,3,4,4,3,2,3.2,38%,0
obdfg,yoshlar daftari,3,3,3,3,2,2.8,62%,0
jsszv,temir daftar,3,2,3,4,2,2.8,78%,0
lcmrh,boquvchisini yo'qotgan,4,3,3,3,2,3.0,25%,0
uoacz,boquvchisini yo'qotgan,4,2,2,3,4,3.0,64%,0
hdpwj,ijtimoiy ximoyaga muhtoj oila reestr,3,2,3,4,3,3.0,3%,0
lnnbw,ijtimoiy ximoyaga muhtoj oila reestr,4,4,3,2,3,3.2,28%,0
eefmi,oilali,2,2,3,2,2,2.2,0%,0
vonxg,yolg'iz,3,3,3,2,4,3.0,49%,0
ytbgf,boquvchisini yo'qotgan,2,4,3,4,3,3.2,85%,0
qyybc,yoshlar daftari,3,4,3,4,3,3.4,10%,0
eeahl,temir daftar,2,2,3,3,4,2.8,73%,0
xdmwo,chin yetim,2,4,3,3,4,3.2,58%,0
kjcvn,ijtimoiy ximoyaga muhtoj oila reestr,3,2,4,2,2,2.6,61%,0
pjjli,chin yetim,2,4,3,2,2,2.6,80%,0
aethk,yoshlar daftari,2,3,3,4,3,3.0,35%,0
layvt,ijtimoiy ximoyaga muhtoj oila reestr,4,4,4,4,4,4.0,55%,0
ykeoe,chin yetim,2,3,2,4,3,2.8,89%,0
leqqx,yolg'iz,2,2,4,2,2,2.4,20%,0
lxoof,yoshlar daftari,2,2,2,4,4,2.8,12%,0
ltrnb,temir daftar,2,4,4,3,2,3.0,8%,0
ietza,yolg'iz,4,4,2,3,2,3.0,10%,0
wcfeu,yoshlar daftari,3,2,2,2,2,2.2,74%,0
eaqsn,oilali,3,3,4,2,3,3.0,69%,0
ljtur,ijtimoiy ximoyaga muhtoj oila reestr,3,3,2,4,3,3.0,0%,0
xkbyr,boquvchisini yo'qotgan,2,3,3,4,3,3.0,69%,0
ygxok,temir daftar,3,2,2,4,2,2.6,76%,0
rwlft,yolg'iz,2,4,3,4,2,3.0,85%,0
wmtpr,yolg'iz,4,3,4,2,2,3.0,55%,0
jwhru,chin yetim,4,3,4,3,3,3.4,30%,0
awhfe,ijtimoiy ximoyaga muhtoj oila reestr,4,3,2,4,3,3.2,85%,0
ovoba,boquvchisini yo'qotgan,2,4,2,2,2,2.4,36%,0
wwzkj,yoshlar daftari,3,4,4,3,4,3.6,46%,0
rrqzh,boquvchisini yo'qotgan,2,4,3,2,3,2.8,90%,0
ohqlh,ijtimoiy ximoyaga muhtoj oila reestr,2,2,4,2,3,2.6,77%,0
yndaa,ijtimoiy ximoyaga muhtoj oila reestr,4,3,2,3,3,3.0,46%,0
spnup,oilali,2,4,3,2,4,3.0,68%,0
eizbr,oilali,4,4,3,3,3,3.4,57%,0
fiaiy,boquvchisini yo'qotgan,4,3,2,3,3,3.0,35%,0
pmium,yoshlar daftari,4,3,2,4,2,3.0,31%,0
ikdbf,boquvchisini yo'qotgan,4,4,3,2,4,3.4,97%,0
ndfsf,ijtimoiy ximoyaga muhtoj oila reestr,3,4,4,4,4,3.8,63%,0
brmiw,ijtimoiy ximoyaga muhtoj oila reestr,4,4,3,4,2,3.4,70%,0
smkax,chin yetim,3,2,4,2,4,3.0,41%,0
vgyuo,oilali,4,3,3,4,3,3.4,47%,0
alzgo,chin yetim,2,3,3,2,3,2.6,73%,0
usyaq,temir daftar,4,2,4,2,4,3.2,80%,0
qclfz,ijtimoiy ximoyaga muhtoj oila reestr,4,3,4,3,2,3.2,29%,0
kchnn,chin yetim,4,4,2,2,4,3.2,20%,0
jbnic,boquvchisini yo'qotgan,2,3,2,2,4,2.6,59%,0
uzhpb,oilali,3,2,3,3,3,2.8,12%,0
fuzyl,oilali,4,2,4,2,2,2.8,0%,0
ebpeo,yoshlar daftari,4,3,3,2,4,3.2,64%,0
ldokp,boquvchisini yo'qotgan,3,3,2,2,4,2.8,32%,0
wfnrl,yoshlar daftari,2,3,3,3,3,2.8,37%,0
kmuwk,chin yetim,4,4,2,2,2,2.8,24%,0
wpouo,yolg'iz,4,3,2,3,2,2.8,25%,0
ydkso,temir daftar,2,2,2,2,3,2.2,76%,0
dumvs,boquvchisini yo'qotgan,2,3,4,2,3,2.8,58%,0
bndpu,boquvchisini yo'qotgan,4,4,4,3,2,3.4,91%,0
tnoch,boquvchisini yo'qotgan,2,3,2,3,2,2.4,32%,0
pjdrb,yoshlar daftari,4,2,3,3,4,3.2,40%,0
qmdzy,chin yetim,3,2,2,4,3,2.8,29%,0
kgljg,boquvchisini yo'qotgan,4,2,4,3,4,3.4,56%,0
mgxqj,yolg'iz,3,3,2,2,2,2.4,48%,0
jxdtd,boquvchisini yo'qotgan,3,4,3,2,2,2.8,47%,0
vgval,oilali,4,2,2,2,4,2.8,71%,0
xmjom,temir daftar,3,2,4,2,4,3.0,48%,0
wvvuv,oilali,2,4,2,3,2,2.6,46%,0
izioj,oilali,4,2,3,2,4,3.0,55%,0
xzyjh,temir daftar,4,3,4,2,2,3.0,64%,0
xpqze,yolg'iz,2,4,2,2,2,2.4,11%,0
drxsd,chin yetim,3,4,4,4,3,3.6,68%,0
gjyrs,oilali,4,3,3,4,2,3.2,87%,0
djawr,chin yetim,2,4,4,3,4,3.4,5%,0
eoqcl,oilali,3,4,2,2,4,3.0,88%,0
bawuq,ijtimoiy ximoyaga muhtoj oila reestr,3,2,3,4,4,3.2,64%,0
vpeoc,temir daftar,2,4,2,3,2,2.6,24%,0
gkjin,oilali,2,3,2,2,4,2.6,0%,0
myybc,ijtimoiy ximoyaga muhtoj oila reestr,3,2,3,3,2,2.6,31%,0
gurcj,yoshlar daftari,4,3,2,3,4,3.2,2%,0
vgiqk,ijtimoiy ximoyaga muhtoj oila reestr,4,4,2,2,4,3.2,48%,0
gxnsd,boquvchisini yo'qotgan,2,4,2,4,3,3.0,18%,0
zfjgm,oilali,4,4,2,2,2,2.8,59%,0
ndhea,ijtimoiy ximoyaga muhtoj oila reestr,2,2,2,3,4,2.6,28%,0
dciha,chin yetim,4,4,3,4,3,3.6,49%,0
figdm,yoshlar daftari,3,3,4,3,4,3.4,1%,0
qbelu,yolg'iz,4,2,2,3,3,2.8,72%,0
hfhrc,oilali,4,3,3,4,3,3.4,55%,0
vlzcv,boquvchisini yo'qotgan,3,4,4,2,4,3.4,16%,0
fbwlb,yolg'iz,2,3,4,4,4,3.4,59%,0
fqcbw,ijtimoiy ximoyaga muhtoj oila reestr,3,2,3,3,4,3.0,35%,0
thvlz,yolg'iz,2,3,4,3,3,3.0,60%,0
demoy,yolg'iz,4,4,2,3,4,3.4,16%,0
wpjyw,yoshlar daftari,4,2,2,4,2,2.8,48%,0
plqpl,yolg'iz,4,3,2,3,3,3.0,75%,0
htcpm,yolg'iz,3,4,3,3,3,3.2,59%,0
wshve,oilali,4,3,3,2,4,3.2,19%,0
thxla,yoshlar daftari,3,2,4,4,4,3.4,49%,0
yutfv,boquvchisini yo'qotgan,4,4,4,3,3,3.6,2%,0
rhgau,ijtimoiy ximoyaga muhtoj oila reestr,3,3,2,3,4,3.0,42%,0
plftb,yoshlar daftari,3,3,4,3,3,3.2,56%,0
ndawr,yoshlar daftari,3,2,3,4,4,3.2,49%,0
mbiub,temir daftar,3,3,3,4,4,3.4,67%,0
yiakc,yoshlar daftari,2,2,2,4,2,2.4,80%,0
twzdr,temir daftar,3,3,4,2,3,3.0,49%,0
wfcvk,ijtimoiy ximoyaga muhtoj oila reestr,4,2,3,2,4,3.0,36%,0
ovetj,yolg'iz,2,4,2,3,4,3.0,45%,0
loqjf,oilali,4,4,2,2,3,3.0,41%,0
rmcxj,oilali,4,4,2,2,3,3.0,14%,0
nfcpg,ijtimoiy ximoyaga muhtoj oila reestr,3,2,4,3,2,2.8,32%,0
tniou,ijtimoiy ximoyaga muhtoj oila reestr,2,4,2,2,3,2.6,79%,0
cbbcr,chin yetim,2,2,3,4,4,3.0,10%,0
ntrjy,yolg'iz,3,3,4,4,4,3.6,19%,0
byvad,ijtimoiy ximoyaga muhtoj oila reestr,4,4,3,2,4,3.4,23%,0
nanpv,yoshlar daftari,4,2,2,2,2,2.4,63%,0
ntcci,oilali,2,2,3,2,2,2.2,79%,0
fymub,boquvchisini yo'qotgan,3,2,4,4,2,3.0,93%,0
hubdy,oilali,3,4,3,4,2,3.2,97%,0
odmlm,temir daftar,3,3,3,4,4,3.4,64%,0
ntrfk,oilali,4,2,4,2,3,3.0,87%,0
bwsse,chin yetim,3,2,4,2,3,2.8,87%,0
sbjyb,yolg'iz,3,2,4,4,2,3.0,72%,0
krxoi,ijtimoiy ximoyaga muhtoj oila reestr,2,4,3,2,4,3.0,85%,0
wsicu,yolg'iz,4,3,3,3,3,3.2,75%,0
insgp,ijtimoiy ximoyaga muhtoj oila reestr,3,2,4,2,2,2.6,16%,0
paddg,oilali,2,2,2,3,3,2.4,88%,0
hqegt,boquvchisini yo'qotgan,4,2,4,3,3,3.2,91%,0
tdfgr,boquvchisini yo'qotgan,3,2,2,3,4,2.8,60%,0
etcgv,chin yetim,4,3,4,3,4,3.6,14%,0
ngeve,temir daftar,3,4,2,3,3,3.0,93%,0
wbuvf,oilali,4,3,3,3,2,3.0,50%,0
oujwz,ijtimoiy ximoyaga muhtoj oila reestr,2,4,2,4,2,2.8,26%,0
xgeam,oilali,4,2,2,4,3,3.0,85%,0
uzrmu,chin yetim,3,2,4,3,4,3.2,73%,0
uremd,yoshlar daftari,3,4,2,4,3,3.2,60%,0
qcqku,yoshlar daftari,2,4,3,2,4,3.0,57%,0
twuzd,chin yetim,3,4,4,2,2,3.0,30%,0
btprh,ijtimoiy ximoyaga muhtoj oila reestr,3,2,3,4,4,3.2,90%,0
citfj,yolg'iz,3,4,2,4,2,3.0,11%,0
ujmqi,chin yetim,3,3,4,4,2,3.2,45%,0
qxiia,ijtimoiy ximoyaga muhtoj oila reestr,2,4,4,3,3,3.2,30%,0
bpajr,boquvchisini yo'qotgan,3,4,4,4,3,3.6,31%,0
zhukw,chin yetim,4,2,4,4,4,3.6,31%,0
bhvhq,ijtimoiy ximoyaga muhtoj oila reestr,4,4,2,2,4,3.2,98%,0
oqwxm,chin yetim,3,4,4,4,3,3.6,52%,0
selaw,chin yetim,3,3,2,3,2,2.6,60%,0
ehmhy,yolg'iz,2,3,3,3,2,2.6,45%,0
wkams,yolg'iz,4,3,3,3,2,3.0,84%,0
xcxqe,ijtimoiy ximoyaga muhtoj oila reestr,2,4,3,2,4,3.0,73%,0
tuhzn,ijtimoiy ximoyaga muhtoj oila reestr,3,2,3,3,2,2.6,79%,0
dktos,temir daftar,2,2,3,3,4,2.8,6%,0
gsskz,chin yetim,3,2,3,4,4,3.2,3%,0
eevhj,yoshlar daftari,2,2,4,4,4,3.2,90%,0
fopqh,chin yetim,2,4,4,2,3,3.0,51%,0
hyibo,chin yetim,3,4,3,3,3,3.2,88%,0
rcqdd,ijtimoiy ximoyaga muhtoj oila reestr,3,4,3,3,2,3.0,30%,0
niiyz,chin yetim,4,2,2,4,3,3.0,74%,0
wrjud,oilali,2,4,3,4,2,3.0,83%,0
lhbvm,chin yetim,3,3,4,3,2,3.0,35%,0
upbkj,oilali,2,2,4,3,3,2.8,53%,0
oqhrw,yolg'iz,3,2,3,2,3,2.6,53%,0
iyhnz,yoshlar daftari,2,3,4,4,2,3.0,16%,0
yrvtt,ijtimoiy ximoyaga muhtoj oila reestr,2,3,3,4,3,3.0,74%,0
ulsnq,chin yetim,2,2,2,2,2,2.0,29%,0
xuczw,oilali,4,4,2,3,2,3.0,98%,0
gqlio,oilali,4,2,4,4,2,3.2,21%,0
rumuh,yolg'iz,2,3,4,3,2,2.8,42%,0
nhngw,oilali,4,3,3,3,2,3.0,26%,0
lkvvk,boquvchisini yo'qotgan,2,2,4,2,4,2.8,36%,0
yvmrb,temir daftar,3,3,2,3,2,2.6,45%,0
uotro,yoshlar daftari,4,3,2,3,3,3.0,34%,0
swxlm,yolg'iz,2,3,3,3,3,2.8,3%,0
vkeax,yolg'iz,4,3,3,2,4,3.2,79%,0
cvswg,chin yetim,2,2,2,4,2,2.4,79%,0
loyeo,boquvchisini yo'qotgan,2,2,3,2,4,2.6,84%,0
hjzph,chin yetim,4,3,4,4,3,3.6,25%,0
aleca,chin yetim,2,3,2,2,4,2.6,99%,0
dhcjb,ijtimoiy ximoyaga muhtoj oila reestr,3,4,4,2,4,3.4,18%,0
kyjun,ijtimoiy ximoyaga muhtoj oila reestr,3,4,4,2,3,3.2,80%,0
gbipm,ijtimoiy ximoyaga muhtoj oila reestr,4,2,4,3,4,3.4,44%,0
itdvj,boquvchisini yo'qotgan,4,2,4,2,3,3.0,25%,0
zzvlq,chin yetim,4,3,3,4,2,3.2,21%,0
nnybu,temir daftar,3,3,4,4,4,3.6,57%,0
ytkps,yoshlar daftari,4,4,4,2,3,3.4,62%,0
wfxse,ijtimoiy ximoyaga muhtoj oila reestr,2,2,4,3,2,2.6,27%,0
zdodt,ijtimoiy ximoyaga muhtoj oila reestr,4,4,3,2,2,3.0,64%,0
jxvcz,yolg'iz,2,4,3,3,2,2.8,43%,0
efuvh,chin yetim,4,2,3,4,2,3.0,99%,0
gujfn,chin yetim,2,4,3,4,2,3.0,42%,0
dymtq,boquvchisini yo'qotgan,2,2,2,3,3,2.4,36%,0
wgdnc,boquvchisini yo'qotgan,2,3,3,3,2,2.6,65%,0
xepzw,ijtimoiy ximoyaga muhtoj oila reestr,4,4,4,2,3,3.4,16%,0
tdxxb,chin yetim,3,2,2,4,4,3.0,39%,0
rssqn,temir daftar,2,4,3,2,2,2.6,37%,0
svxml,yoshlar daftari,3,3,3,4,2,3.0,84%,0
zfuds,chin yetim,4,3,4,3,4,3.6,60%,0
pmdwq,yolg'iz,4,3,4,2,4,3.4,8%,0
wartq,chin yetim,4,2,3,2,4,3.0,76%,0
okyvm,oilali,3,4,4,2,2,3.0,74%,0
aqfdt,boquvchisini yo'qotgan,3,3,3,4,2,3.0,60%,0
poofo,yolg'iz,2,2,3,2,2,2.2,79%,0
nkgiz,yoshlar daftari,2,3,2,3,2,2.4,15%,0
peytj,ijtimoiy ximoyaga muhtoj oila reestr,2,2,3,3,2,2.4,1%,0
rcmkq,yolg'iz,4,3,3,2,4,3.2,71%,0
vmfqm,chin yetim,2,3,3,2,2,2.4,42%,0
susjc,ijtimoiy ximoyaga muhtoj oila reestr,4,4,3,4,4,3.8,41%,0
nzsee,chin yetim,3,3,3,3,2,2.8,76%,0
tquje,ijtimoiy ximoyaga muhtoj oila reestr,3,3,3,4,3,3.2,56%,0
dfzdg,yoshlar daftari,2,2,3,2,4,2.6,80%,0
grcax,boquvchisini yo'qotgan,3,2,2,3,2,2.4,87%,0
ydfiv,yoshlar daftari,3,2,4,2,2,2.6,66%,0
nlytx,oilali,3,2,3,4,3,3.0,29%,0
yduxl,temir daftar,3,2,4,3,2,2.8,12%,0
jvgcw,boquvchisini yo'qotgan,2,3,2,3,3,2.6,18%,0
nxjpp,yoshlar daftari,3,4,3,2,4,3.2,6%,0
vjymf,oilali,2,4,4,4,4,3.6,8%,0
limdx,temir daftar,2,3,2,3,2,2.4,82%,0
ktrzk,oilali,4,4,3,3,2,3.2,53%,0
yudra,chin yetim,3,2,3,3,3,2.8,85%,0
gforx,chin yetim,4,4,2,3,2,3.0,81%,0
ktxop,ijtimoiy ximoyaga muhtoj oila reestr,3,4,4,3,3,3.4,60%,0
gujzl,boquvchisini yo'qotgan,4,4,2,4,3,3.4,86%,0
xnyez,chin yetim,2,3,2,3,4,2.8,1%,0
urecw,yolg'iz,3,2,3,2,3,2.6,49%,0
zexqs,oilali,4,4,3,3,3,3.4,74%,0
syuly,boquvchisini yo'qotgan,2,3,3,2,4,2.8,30%,0
iarud,yolg'iz,3,3,4,4,2,3.2,32%,0
jygvw,chin yetim,3,3,2,4,2,2.8,77%,0
aqxbz,ijtimoiy ximoyaga muhtoj oila reestr,4,2,4,2,4,3.2,79%,0
kigvq,yoshlar daftari,4,4,4,4,3,3.8,10%,0
qbfnf,ijtimoiy ximoyaga muhtoj oila reestr,4,3,4,3,3,3.4,32%,0
bajue,yolg'iz,2,4,2,2,4,2.8,6%,0
bvpyb,temir daftar,2,4,2,4,4,3.2,30%,0
jbpps,chin yetim,4,3,2,3,2,2.8,47%,0
gvlxo,yolg'iz,2,2,3,2,3,2.4,46%,0
hfjcs,temir daftar,4,2,2,4,4,3.2,77%,0
qgutz,temir daftar,2,4,3,3,2,2.8,91%,0
dntvo,oilali,3,3,2,4,2,2.8,52%,0
xhuov,boquvchisini yo'qotgan,3,2,2,3,3,2.6,79%,0
tnihz,oilali,2,3,3,3,3,2.8,18%,0
zqbyx,chin yetim,3,3,4,2,3,3.0,80%,0
chlaj,temir daftar,2,4,3,2,3,2.8,89%,0
tcfgt,yolg'iz,3,3,3,3,3,3.0,5%,0
wyrks,yoshlar daftari,3,4,4,3,3,3.4,48%,0
eskxl,temir daftar,4,4,4,3,2,3.4,72%,0
jhxid,yolg'iz,2,2,2,3,2,2.2,49%,0
euhwi,yoshlar daftari,4,4,2,4,3,3.4,80%,0
oopnh,oilali,2,2,3,4,3,2.8,94%,0
rjtfl,oilali,3,4,3,4,4,3.6,11%,0
bgpcm,boquvchisini yo'qotgan,3,4,3,4,2,3.2,22%,0
crkhf,yolg'iz,4,4,3,4,2,3.4,53%,0
aawhe,temir daftar,2,4,4,2,3,3.0,68%,0
pkedf,ijtimoiy ximoyaga muhtoj oila reestr,2,2,4,4,2,2.8,99%,0
nvsil,oilali,3,2,2,3,2,2.4,58%,0
knwpa,oilali,2,4,3,4,4,3.4,35%,0
mwuum,boquvchisini yo'qotgan,3,3,2,4,3,3.0,2%,0
bdfzw,yoshlar daftari,4,4,3,2,4,3.4,57%,0
eycad,boquvchisini yo'qotgan,3,2,4,3,4,3.2,87%,0
ytbze,temir daftar,3,3,4,4,3,3.4,54%,0
citfr,yolg'iz,2,4,3,3,2,2.8,56%,0
fslyk,chin yetim,2,2,4,3,3,2.8,16%,0
bolli,chin yetim,3,2,3,4,2,2.8,38%,0
uxbvc,yolg'iz,2,2,2,4,3,2.6,89%,0
lzpux,yoshlar daftari,4,3,4,2,2,3.0,67%,0
zauct,oilali,4,4,3,4,4,3.8,54%,0
bisor,yoshlar daftari,3,3,3,4,3,3.2,44%,0
zkywp,oilali,2,2,2,4,2,2.4,75%,0
vqelk,oilali,4,4,2,3,4,3.4,0%,0
ocatp,chin yetim,2,4,3,3,2,2.8,20%,0
bbchx,yoshlar daftari,4,4,4,4,2,3.6,82%,0
ogfit,boquvchisini yo'qotgan,3,2,4,4,3,3.2,20%,0
ahwwc,oilali,4,2,2,3,2,2.6,51%,0
dzyof,ijtimoiy ximoyaga muhtoj oila reestr,2,2,2,4,2,2.4,81%,0
oucyu,ijtimoiy ximoyaga muhtoj oila reestr,3,3,2,3,2,2.6,42%,0
untnd,boquvchisini yo'qotgan,3,3,2,2,4,2.8,51%,0
lqgic,ijtimoiy ximoyaga muhtoj oila reestr,2,2,4,2,2,2.4,66%,0
morsa,temir daftar,4,2,2,4,4,3.2,43%,0
fwbxn,oilali,3,2,3,3,4,3.0,31%,0
fnduh,boquvchisini yo'qotgan,2,2,4,3,4,3.0,9%,0
csntq,yoshlar daftari,2,4,2,3,2,2.6,63%,0
yhxnz,oilali,3,3,2,2,3,2.6,78%,0
fwvpy,boquvchisini yo'qotgan,4,2,3,3,4,3.2,68%,0
snscj,chin yetim,2,3,4,3,2,2.8,67%,0
sitmg,yoshlar daftari,4,3,4,2,4,3.4,27%,0
niwys,chin yetim,2,3,2,3,3,2.6,52%,0
otnxf,oilali,2,3,4,3,2,2.8,50%,0
udhqi,yoshlar daftari,4,4,3,3,2,3.2,52%,0
axtyn,ijtimoiy ximoyaga muhtoj oila reestr,4,2,3,4,2,3.0,3%,0
kucin,boquvchisini yo'qotgan,2,2,2,2,4,2.4,78%,0
iddhb,oilali,2,4,2,3,3,2.8,16%,0
invix,temir daftar,2,3,4,2,4,3.0,66%,0
wpqpl,yoshlar daftari,2,3,4,3,3,3.0,73%,0
cknru,yoshlar daftari,2,4,3,2,2,2.6,46%,0
uepte,yolg'iz,2,3,2,4,4,3.0,55%,0
claui,oilali,3,4,2,3,2,2.8,22%,0
idcqb,oilali,3,3,2,4,4,3.2,17%,0
xahmw,chin yetim,3,2,2,3,4,2.8,0%,0
ohlvl,yolg'iz,2,4,4,3,3,3.2,34%,0
noois,ijtimoiy ximoyaga muhtoj oila reestr,4,2,2,3,4,3.0,63%,0
ztvhu,chin yetim,2,2,3,4,2,2.6,57%,0
sftys,yolg'iz,3,2,2,2,3,2.4,94%,0
dwgdv,chin yetim,4,3,4,2,4,3.4,58%,0
lmcvl,ijtimoiy ximoyaga muhtoj oila reestr,2,2,3,2,3,2.4,0%,0
bxbwi,yolg'iz,4,4,2,3,2,3.0,2%,0
ahwff,yolg'iz,3,3,3,4,3,3.2,66%,0
vyrql,temir daftar,4,3,4,4,4,3.8,36%,0
fzhsj,chin yetim,2,3,2,3,3,2.6,82%,0
aymqc,chin yetim,2,4,3,4,2,3.0,28%,0
hncpm,yoshlar daftari,4,3,3,3,2,3.0,88%,0
txqmf,ijtimoiy ximoyaga muhtoj oila reestr,3,2,4,3,3,3.0,32%,0
qnqhk,boquvchisini yo'qotgan,3,4,3,2,4,3.2,99%,0
tazgu,temir daftar,4,4,4,4,2,3.6,60%,0
uqjkv,yolg'iz,4,3,4,4,4,3.8,92%,0
iixeq,yolg'iz,4,4,2,2,4,3.2,89%,0
iqxus,yolg'iz,2,3,4,3,3,3.0,3%,0
gwigm,temir daftar,4,3,3,3,4,3.4,13%,0
knskm,yolg'iz,4,3,4,4,3,3.6,90%,0
nmahl,yolg'iz,4,2,4,2,3,3.0,32%,0
slhhu,ijtimoiy ximoyaga muhtoj oila reestr,4,3,3,3,3,3.2,21%,0
mlpam,oilali,3,4,2,4,4,3.4,47%,0
zgzeh,oilali,4,4,2,4,3,3.4,2%,0
ynwmo,yoshlar daftari,4,4,2,2,3,3.0,86%,0
wqotr,yoshlar daftari,4,4,4,3,2,3.4,84%,0
rbdad,yolg'iz,3,4,2,2,3,2.8,22%,0
resoh,ijtimoiy ximoyaga muhtoj oila reestr,2,2,4,4,2,2.8,67%,0
tqalz,yolg'iz,2,3,3,2,4,2.8,20%,0
soigb,yoshlar daftari,2,2,4,4,3,3.0,42%,0
ijbsk,temir daftar,3,3,3,4,2,3.0,94%,0
mjnrs,temir daftar,3,3,4,4,2,3.2,84%,0
viygc,boquvchisini yo'qotgan,2,4,3,3,3,3.0,25%,0
tfubf,oilali,2,3,3,4,3,3.0,40%,0
cphbq,ijtimoiy ximoyaga muhtoj oila reestr,4,3,2,3,3,3.0,98%,0
ilcka,chin yetim,4,4,4,3,3,3.6,37%,0
wmoze,oilali,2,3,2,4,4,3.0,87%,0
uqywx,chin yetim,4,2,3,4,3,3.2,10%,0
yfuvk,boquvchisini yo'qotgan,3,4,2,3,4,3.2,28%,0
rdcmw,boquvchisini yo'qotgan,3,3,3,3,3,3.0,59%,0
iufzl,yolg'iz,2,2,4,2,2,2.4,66%,0
bcclo,yoshlar daftari,2,3,3,4,4,3.2,64%,0
iwhkp,boquvchisini yo'qotgan,4,3,2,2,3,2.8,60%,0
zyvda,boquvchisini yo'qotgan,4,4,4,3,4,3.8,18%,0
xgbxe,chin yetim,4,3,2,3,3,3.0,45%,0
gdexa,yoshlar daftari,3,3,2,4,3,3.0,48%,0
aotsj,boquvchisini yo'qotgan,2,4,4,4,3,3.4,21%,0
rckok,oilali,3,4,4,4,4,3.8,77%,0
qqfeh,boquvchisini yo'qotgan,4,4,2,4,3,3.4,56%,0
bptxl,yoshlar daftari,3,3,4,3,2,3.0,13%,0
fadqm,yolg'iz,4,3,2,2,3,2.8,43%,0
rexxc,ijtimoiy ximoyaga muhtoj oila reestr,2,3,2,4,4,3.0,15%,0
kmdzn,yoshlar daftari,4,4,4,3,4,3.8,96%,0
vkjsr,chin yetim,4,4,4,2,4,3.6,76%,0
fouje,ijtimoiy ximoyaga muhtoj oila reestr,4,3,2,3,4,3.2,11%,0
zejec,oilali,3,3,4,2,2,2.8,54%,0
wfdri,temir daftar,3,4,3,3,3,3.2,50%,0
qmotq,yoshlar daftari,4,4,2,4,3,3.4,38%,0
mpvde,yolg'iz,3,2,4,3,2,2.8,32%,0
eiqmb,chin yetim,2,3,3,4,2,2.8,32%,0
mvuws,oilali,3,2,4,3,4,3.2,28%,0
cjbms,ijtimoiy ximoyaga muhtoj oila reestr,2,4,4,2,4,3.2,68%,0
zqunl,oilali,2,3,2,2,3,2.4,69%,0
ulkgd,yoshlar daftari,2,3,3,2,4,2.8,30%,0
saxcm,boquvchisini yo'qotgan,4,3,4,4,2,3.4,79%,0
obkds,yolg'iz,3,3,2,4,3,3.0,30%,0
qcrhv,yoshlar daftari,4,3,3,3,3,3.2,88%,0
yxzse,temir daftar,4,4,4,4,2,3.6,45%,0
guheq,yoshlar daftari,3,3,3,2,4,3.0,96%,0
edvsu,ijtimoiy ximoyaga muhtoj oila reestr,3,4,4,2,2,3.0,76%,0
bkvmo,ijtimoiy ximoyaga muhtoj oila reestr,4,3,3,2,2,2.8,51%,0
lvuvk,yoshlar daftari,2,2,2,2,2,2.0,9%,0
geqxt,ijtimoiy ximoyaga muhtoj oila reestr,3,2,2,3,3,2.6,87%,0
inzlf,boquvchisini yo'qotgan,4,2,2,2,2,2.4,73%,0
qsszp,oilali,4,3,3,2,2,2.8,40%,0
lltfw,yoshlar daftari,2,4,4,3,2,3.0,94%,0
zdfka,yolg'iz,2,2,2,4,3,2.6,76%,0
xwoky,boquvchisini yo'qotgan,3,4,2,3,3,3.0,2%,0
srqsu,oilali,4,2,3,2,3,2.8,58%,0
nrsoo,yolg'iz,4,2,4,3,4,3.4,51%,0
dgmcp,yolg'iz,4,4,3,2,4,3.4,33%,0
ihtmq,yolg'iz,2,3,2,4,4,3.0,48%,0
qqahs,oilali,4,4,4,4,3,3.8,27%,0
fcemo,boquvchisini yo'qotgan,3,3,2,2,3,2.6,82%,0
nwprv,yolg'iz,2,2,4,4,2,2.8,86%,0
vkcvj,yolg'iz,2,3,2,4,2,2.6,95%,0
juplb,chin yetim,3,4,4,4,4,3.8,12%,0
ixcxy,yoshlar daftari,2,3,2,2,4,2.6,96%,0
ocsrh,oilali,3,4,2,2,4,3.0,97%,0
zqhgg,oilali,2,2,4,2,3,2.6,96%,0
cadye,ijtimoiy ximoyaga muhtoj oila reestr,4,3,2,2,4,3.0,68%,0
aoemh,oilali,2,4,4,4,4,3.6,66%,0
heiad,boquvchisini yo'qotgan,4,3,4,3,2,3.2,60%,0
cbhwi,oilali,4,2,4,3,3,3.2,59%,0
bnndf,chin yetim,3,2,4,2,3,2.8,70%,0
kchcn,yoshlar daftari,2,3,3,3,4,3.0,23%,0
mmbms,yoshlar daftari,4,3,2,2,4,3.0,62%,0
fpbhq,oilali,3,2,3,2,4,2.8,85%,0
wbjpf,yolg'iz,3,3,2,2,2,2.4,60%,0
bbzmx,temir daftar,3,4,4,2,4,3.4,22%,0
obgch,temir daftar,2,4,3,2,4,3.0,29%,0
wnxwv,yolg'iz,3,4,3,3,4,3.4,59%,0
gugaq,yolg'iz,4,3,3,3,2,3.0,17%,0
iumus,yolg'iz,3,2,3,2,3,2.6,95%,0
usyyv,boquvchisini yo'qotgan,3,3,4,4,3,3.4,55%,0
qwwjj,temir daftar,2,2,3,4,2,2.6,52%,0
dhvtt,yolg'iz,4,2,3,4,2,3.0,6%,0
rnrnt,boquvchisini yo'qotgan,3,3,3,4,4,3.4,96%,0
uxovd,ijtimoiy ximoyaga muhtoj oila reestr,3,4,2,3,3,3.0,68%,0
mwhrl,boquvchisini yo'qotgan,4,3,2,4,4,3.4,91%,0
wnbrx,temir daftar,3,3,3,4,3,3.2,71%,0
bkilq,oilali,2,3,3,4,3,3.0,78%,0
oyqzz,ijtimoiy ximoyaga muhtoj oila reestr,4,3,2,2,4,3.0,51%,0
rvfqw,temir daftar,4,3,3,2,3,3.0,3%,0
xrhif,boquvchisini yo'qotgan,2,4,3,4,3,3.2,33%,0
elyky,chin yetim,2,4,4,3,4,3.4,68%,0
aksib,yoshlar daftari,2,4,4,3,4,3.4,32%,0
lddro,temir daftar,3,3,4,2,3,3.0,68%,0
smsqf,yolg'iz,4,3,2,2,3,2.8,37%,0
pxlse,boquvchisini yo'qotgan,2,4,4,3,2,3.0,97%,0
qzwza,yolg'iz,4,4,4,3,3,3.6,25%,0
yxwjo,yolg'iz,4,4,2,2,2,2.8,0%,0
wuukm,yolg'iz,3,4,3,4,2,3.2,3%,0
eaxlk,yolg'iz,2,2,2,4,2,2.4,38%,0
qdoyi,yolg'iz,4,4,3,2,2,3.0,53%,0
utssl,ijtimoiy ximoyaga muhtoj oila reestr,3,4,2,4,3,3.2,89%,0
ejqev,temir daftar,4,2,4,4,2,3.2,32%,0
pgico,temir daftar,2,4,4,3,2,3.0,32%,0
prncl,yoshlar daftari,4,2,3,4,4,3.4,71%,0
igimr,boquvchisini yo'qotgan,4,2,3,2,4,3.0,19%,0
emdbp,chin yetim,3,4,4,2,4,3.4,15%,0
iifkv,ijtimoiy ximoyaga muhtoj oila reestr,3,4,4,2,3,3.2,20%,0
xvadm,boquvchisini yo'qotgan,2,4,2,2,2,2.4,44%,0
wmmbi,ijtimoiy ximoyaga muhtoj oila reestr,2,4,4,3,2,3.0,89%,0
xhgdr,temir daftar,2,3,2,3,4,2.8,86%,0
cfllu,yolg'iz,3,2,3,4,2,2.8,81%,0
hvvad,yoshlar daftari,4,4,3,4,2,3.4,61%,0
ukcmy,yoshlar daftari,4,4,3,4,3,3.6,30%,0
qvvju,oilali,3,2,2,2,2,2.2,41%,0
loujn,chin yetim,3,4,2,2,2,2.6,11%,0
mefxb,yoshlar daftari,4,2,4,3,3,3.2,64%,0
vqdnj,yolg'iz,3,4,2,2,2,2.6,72%,0
cycof,temir daftar,2,2,4,3,2,2.6,2%,0
qlvtx,chin yetim,3,4,4,2,4,3.4,89%,0
kydzz,boquvchisini yo'qotgan,3,2,2,3,2,2.4,8%,0
fatwp,yolg'iz,2,3,2,2,3,2.4,50%,0
oqhzl,yolg'iz,4,3,2,3,2,2.8,15%,0
vujoi,yoshlar daftari,2,3,2,4,2,2.6,87%,0
befgu,chin yetim,3,4,4,2,3,3.2,77%,0
yawzg,temir daftar,2,2,3,3,2,2.4,2%,0
tylpp,oilali,4,2,4,2,3,3.0,97%,0
kudmg,ijtimoiy ximoyaga muhtoj oila reestr,4,3,3,3,3,3.2,96%,0
dosik,ijtimoiy ximoyaga muhtoj oila reestr,3,2,4,2,2,2.6,23%,0
hawyx,temir daftar,2,3,2,4,2,2.6,72%,0
hmvdh,temir daftar,3,4,4,4,4,3.8,12%,0
cibbm,ijtimoiy ximoyaga muhtoj oila reestr,2,3,4,4,3,3.2,1%,0
owlzd,oilali,2,4,2,2,2,2.4,70%,0
zhiwe,chin yetim,2,4,4,2,2,2.8,20%,0
xtrko,ijtimoiy ximoyaga muhtoj oila reestr,3,3,3,4,3,3.2,18%,0
viqzl,temir daftar,4,4,4,4,3,3.8,88%,0
gjyzy,yoshlar daftari,2,2,2,3,2,2.2,46%,0
jmskm,boquvchisini yo'qotgan,3,3,3,2,2,2.6,21%,0
uhhdo,oilali,2,4,3,4,3,3.2,74%,0
kkaqo,yolg'iz,2,3,3,4,3,3.0,32%,0
tfxvy,oilali,2,3,3,3,4,3.0,31%,0
oinrz,yoshlar daftari,3,3,4,4,4,3.6,63%,0
qrett,yoshlar daftari,4,2,2,3,2,2.6,84%,0
ikxva,yolg'iz,3,2,4,4,2,3.0,38%,0
rfboz,temir daftar,2,3,3,3,4,3.0,83%,0
uneff,ijtimoiy ximoyaga muhtoj oila reestr,4,4,4,3,4,3.8,71%,0
vrnjn,chin yetim,4,4,4,2,3,3.4,41%,0
mcfhl,oilali,3,4,2,3,3,3.0,8%,0
mklaq,yolg'iz,4,4,3,3,2,3.2,24%,0
pkmrk,oilali,3,3,4,3,4,3.4,88%,0
lfipd,yoshlar daftari,3,3,3,2,4,3.0,96%,0
cpxzy,ijtimoiy ximoyaga muhtoj oila reestr,2,3,2,4,3,2.8,1%,0
lkeyr,oilali,2,2,4,2,4,2.8,18%,0
swwfv,chin yetim,3,3,2,3,3,2.8,19%,0
rzfdl,yoshlar daftari,2,3,2,4,4,3.0,92%,0
sbqkk,chin yetim,4,2,2,3,3,2.8,69%,0
upbbw,ijtimoiy ximoyaga muhtoj oila reestr,3,3,3,2,2,2.6,16%,0
hmjhd,oilali,4,4,4,4,2,3.6,88%,0
oakgq,boquvchisini yo'qotgan,2,2,3,3,4,2.8,67%,0
txrvv,oilali,3,2,4,4,3,3.2,93%,0
liejd,ijtimoiy ximoyaga muhtoj oila reestr,4,3,3,4,3,3.4,83%,0
ejkux,oilali,3,3,3,4,2,3.0,2%,0
jhbwh,yolg'iz,2,3,3,3,2,2.6,86%,0
pveyc,oilali,3,4,4,4,2,3.4,50%,0
lmmjd,temir daftar,3,3,3,2,2,2.6,81%,0
ivxwb,oilali,2,2,4,2,2,2.4,25%,0
saygq,oilali,2,3,3,3,4,3.0,55%,0
cttuc,chin yetim,4,2,3,4,3,3.2,99%,0
cqgzn,boquvchisini yo'qotgan,4,4,2,2,4,3.2,63%,0
qrmtt,chin yetim,2,4,4,3,2,3.0,7%,0
urdar,chin yetim,2,2,3,3,3,2.6,80%,0
azzmt,yoshlar daftari,2,2,2,3,3,2.4,94%,0
twjki,temir daftar,4,3,4,2,3,3.2,36%,0
iezaq,chin yetim,2,2,2,2,3,2.2,96%,0
vbxmi,yolg'iz,2,4,3,2,3,2.8,26%,0
dekxs,ijtimoiy ximoyaga muhtoj oila reestr,4,2,4,2,4,3.2,44%,0
uclzs,yolg'iz,2,3,2,3,2,2.4,3%,0
smgow,ijtimoiy ximoyaga muhtoj oila reestr,2,4,4,4,2,3.2,85%,0
gzheu,oilali,2,2,3,3,2,2.4,89%,0
ndwjt,yoshlar daftari,4,4,4,2,4,3.6,95%,0
ortmh,temir daftar,2,3,4,3,4,3.2,87%,0
ipspg,yolg'iz,2,2,2,2,4,2.4,98%,0
nnydz,temir daftar,3,2,4,3,2,2.8,36%,0
oceac,yolg'iz,3,2,3,3,2,2.6,95%,0
oxhdb,oilali,4,3,2,3,3,3.0,70%,0
xxjdc,ijtimoiy ximoyaga muhtoj oila reestr,4,3,3,2,2,2.8,32%,0
byqwu,boquvchisini yo'qotgan,4,3,3,3,4,3.4,30%,0
xtwme,yoshlar daftari,3,2,4,2,2,2.6,54%,0
uiyyv,yolg'iz,4,2,3,4,2,3.0,11%,0
feyjh,yolg'iz,3,3,2,3,4,3.0,10%,0
ggfut,oilali,2,3,3,2,2,2.4,87%,0
csvod,yoshlar daftari,2,2,4,2,4,2.8,71%,0
lfsdo,ijtimoiy ximoyaga muhtoj oila reestr,4,2,4,2,2,2.8,31%,0
iemwz,ijtimoiy ximoyaga muhtoj oila reestr,3,2,3,4,3,3.0,56%,0
reyps,yolg'iz,4,2,4,4,2,3.2,37%,0
nypov,boquvchisini yo'qotgan,4,2,3,2,2,2.6,59%,0
dgpxv,boquvchisini yo'qotgan,4,3,2,3,3,3.0,85%,0
uvuhq,temir daftar,4,2,4,2,3,3.0,97%,0
pwjjb,yoshlar daftari,2,2,3,3,2,2.4,18%,0
iqkjv,yoshlar daftari,4,2,3,4,3,3.2,83%,0
yqdpt,ijtimoiy ximoyaga muhtoj oila reestr,3,4,3,3,3,3.2,55%,0
oyuef,temir daftar,3,3,3,3,3,3.0,13%,0
qaysd,oilali,3,2,2,3,2,2.4,32%,0
qixbh,yoshlar daftari,4,2,3,3,2,2.8,9%,0
ogfao,temir daftar,3,4,4,3,4,3.6,79%,0
wzgyq,temir daftar,4,2,4,2,3,3.0,63%,0
biimf,yolg'iz,2,3,3,3,3,2.8,63%,0
fttuc,ijtimoiy ximoyaga muhtoj oila reestr,3,2,3,4,4,3.2,61%,0
qqlpo,temir daftar,3,4,2,2,3,2.8,67%,0
mwaqc,boquvchisini yo'qotgan,3,3,4,4,2,3.2,90%,0
zoddr,boquvchisini yo'qotgan,4,2,4,2,3,3.0,91%,0
qsktc,chin yetim,4,2,4,3,2,3.0,42%,0
hnzan,ijtimoiy ximoyaga muhtoj oila reestr,4,4,3,3,2,3.2,79%,0
bwdxs,yolg'iz,4,4,3,3,2,3.2,58%,0
fyaqh,oilali,4,4,2,2,3,3.0,51%,0
suaep,chin yetim,3,2,2,4,2,2.6,96%,0
fhmpc,boquvchisini yo'qotgan,2,4,2,3,3,2.8,18%,0
slpkj,yolg'iz,4,2,3,3,3,3.0,20%,0
ytdlw,chin yetim,3,2,2,2,2,2.2,21%,0
bxvsy,ijtimoiy ximoyaga muhtoj oila reestr,3,4,4,3,3,3.4,8%,0
ehgnx,yolg'iz,4,4,3,3,2,3.2,8%,0
wcrpw,ijtimoiy ximoyaga muhtoj oila reestr,2,4,3,4,2,3.0,72%,0
ssrtp,temir daftar,2,4,2,3,4,3.0,26%,0
haqlu,yoshlar daftari,3,3,2,3,4,3.0,16%,0
kelqf,temir daftar,3,3,3,3,3,3.0,43%,0
aeyne,ijtimoiy ximoyaga muhtoj oila reestr,2,4,2,4,4,3.2,44%,0
vxarp,yolg'iz,4,4,4,3,2,3.4,7%,0
isveb,boquvchisini yo'qotgan,2,3,4,2,3,2.8,79%,0
ogdam,oilali,3,2,2,4,4,3.0,17%,0
tvgow,boquvchisini yo'qotgan,2,4,3,4,4,3.4,32%,0
nwsvx,yolg'iz,3,4,3,4,2,3.2,0%,0
txrji,temir daftar,4,2,2,2,2,2.4,75%,0
yhzjq,oilali,2,3,3,3,2,2.6,5%,0
bfzei,yolg'iz,4,3,4,4,2,3.4,40%,0
erzti,ijtimoiy ximoyaga muhtoj oila reestr,2,2,3,2,3,2.4,54%,0
qqlgc,boquvchisini yo'qotgan,3,3,3,2,3,2.8,4%,0
jbycp,ijtimoiy ximoyaga muhtoj oila reestr,2,2,3,2,4,2.6,58%,0
bxjfv,oilali,2,2,3,3,2,2.4,79%,0
zkwgo,oilali,3,4,4,3,2,3.2,17%,0
ftivt,boquvchisini yo'qotgan,4,4,2,3,4,3.4,48%,0
lstco,ijtimoiy ximoyaga muhtoj oila reestr,2,2,4,3,4,3.0,81%,0
bubvc,chin yetim,2,4,3,2,3,2.8,64%,0
fojia,ijtimoiy ximoyaga muhtoj oila reestr,4,4,3,4,3,3.6,82%,0
pfidb,oilali,4,3,3,2,2,2.8,53%,0
