F.I.Sh,ijtimoiy holati,Python,Kompyuterli nigoh,Data mining,Web texnologiyalar,Suniy intellekt,o'rtacha bahosi,davomat
A. Anas,ijtimoiy ximoyaga muhtoj oila reestr,2,4,2,4,4,3.2,61%
W. Dildora,yoshlar daftari,2,3,4,2,4,3.0,78%
D. Ravshan,temir daftar,3,2,2,2,3,2.4,70%
Q. Safir,chin yetim,4,2,4,4,3,3.4,14%
C. Iffar,boquvchisini yo'qotgan,2,4,2,2,3,2.6,45%
Y. Zaynura,temir daftar,2,2,4,3,2,2.6,63%
R. Zayd,boquvchisini yo'qotgan,4,3,3,4,4,3.6,45%
G. Yunus,ijtimoiy ximoyaga muhtoj oila reestr,4,4,4,2,2,3.2,55%
Q. Abdulhay,yolg'iz,3,2,2,2,4,2.6,43%
Z. Asad,chin yetim,3,3,3,3,2,2.8,74%
P. Asila,oilali,2,4,3,2,2,2.6,28%
E. Asal,chin yetim,4,4,4,2,2,3.2,94%
E. Safiya,ijtimoiy ximoyaga muhtoj oila reestr,4,3,4,4,4,3.8,61%
J. Oqil,chin yetim,4,2,3,4,3,3.2,88%
A. Bahtbek,oilali,3,3,4,2,4,3.2,51%
K. Shukrulloh,yoshlar daftari,3,3,2,4,3,3.0,53%
J. Komila,boquvchisini yo'qotgan,2,3,2,2,4,2.6,87%
W. Bekmurod,oilali,3,4,3,4,3,3.4,56%
V. Guljaxon,temir daftar,4,2,3,3,2,2.8,82%
C. Yasmina,ijtimoiy ximoyaga muhtoj oila reestr,4,3,3,4,2,3.2,65%
F. Qobil,yoshlar daftari,4,4,4,3,2,3.4,21%
V. Davron,temir daftar,2,4,3,4,3,3.2,19%
T. Alima,temir daftar,3,3,3,2,3,2.8,32%
W. Barno,ijtimoiy ximoyaga muhtoj oila reestr,3,4,4,2,4,3.4,71%
T. Mavlon,yoshlar daftari,3,4,2,4,4,3.4,24%
F. Abdulkarim,yolg'iz,2,2,3,4,3,2.8,45%
A. Mubina,temir daftar,4,4,3,4,4,3.8,72%
A. Jamol,temir daftar,4,2,3,2,3,2.8,97%
J. Sulton,yoshlar daftari,3,4,3,2,2,2.8,56%
V. Elmurod,chin yetim,2,3,2,3,2,2.4,86%
D. Ma’ruf,temir daftar,2,3,2,4,3,2.8,4%
S. Ra’no,boquvchisini yo'qotgan,3,3,4,3,2,3.0,54%
M. Muqaddam,yoshlar daftari,2,2,3,2,3,2.4,60%
J. Muslima,temir daftar,2,4,4,4,4,3.6,88%
M. Afif,ijtimoiy ximoyaga muhtoj oila reestr,3,2,4,3,4,3.2,7%
"L. Saadi, Sa’di",oilali,4,3,3,2,2,2.8,15%
F. Abdulaziz,boquvchisini yo'qotgan,4,4,2,2,3,3.0,47%
H. Nasiba,oilali,2,2,4,2,4,2.8,60%
E. Safiya,oilali,2,3,2,2,2,2.2,14%
J. Ilyos,temir daftar,4,3,2,4,3,3.2,64%
B. Dilafruz,boquvchisini yo'qotgan,4,4,3,2,4,3.4,21%
L. Qosim,boquvchisini yo'qotgan,4,2,2,3,3,2.8,2%
F. Nurbek,chin yetim,3,2,4,4,3,3.2,53%
S. Saodat,oilali,2,4,3,4,4,3.4,13%
G. Robiya,boquvchisini yo'qotgan,2,2,4,3,2,2.6,35%
O. Sadar,chin yetim,4,2,2,2,4,2.8,81%
L. Umar,yoshlar daftari,3,3,3,2,4,3.0,81%
B. Mafruza,chin yetim,2,3,3,4,2,2.8,66%
D. Bahrom,ijtimoiy ximoyaga muhtoj oila reestr,3,4,2,2,3,2.8,9%
N. Halima,yolg'iz,3,2,2,3,2,2.4,48%
S. Erkin,temir daftar,3,2,3,4,3,3.0,64%
G. Lutfulloh,yoshlar daftari,3,4,2,4,3,3.2,90%
Z. Sarvinoz,yolg'iz,2,4,2,2,4,2.8,56%
Z. Asad,yolg'iz,2,4,3,2,3,2.8,26%
J. Umidulloh,yoshlar daftari,3,2,4,2,3,2.8,74%
C. Abdulahad,ijtimoiy ximoyaga muhtoj oila reestr,3,4,2,3,3,3.0,4%
A. Farhod,chin yetim,3,4,3,3,2,3.0,70%
W. Afzun,temir daftar,2,3,3,2,4,2.8,82%
U. Sohib,chin yetim,4,4,4,4,4,4.0,56%
L. Samira,boquvchisini yo'qotgan,4,4,2,4,4,3.6,92%
N. Abdulmalik,chin yetim,4,3,2,2,2,2.6,14%
J. Umidulloh,yoshlar daftari,4,4,3,2,4,3.4,98%
R. Moxira,temir daftar,2,3,3,3,2,2.6,75%
C. Bilol,chin yetim,4,4,3,4,3,3.6,29%
C. Nargiza,temir daftar,2,3,2,3,4,2.8,19%
F. Jumagul,temir daftar,4,3,4,4,4,3.8,36%
Q. Muhtor,boquvchisini yo'qotgan,2,4,2,3,4,3.0,2%
W. Shamsiddin,boquvchisini yo'qotgan,4,4,3,2,2,3.0,72%
"L. Miron, Miran",yoshlar daftari,4,3,3,3,3,3.2,40%
V. Laylo,ijtimoiy ximoyaga muhtoj oila reestr,3,2,2,2,4,2.6,38%
Q. Muhtor,yolg'iz,3,4,3,2,4,3.2,25%
T. Yulduz,temir daftar,2,3,3,3,2,2.6,1%
Q. Rahim,ijtimoiy ximoyaga muhtoj oila reestr,3,2,4,3,3,3.0,22%
T. Moxidil,yolg'iz,3,4,3,2,2,2.8,22%
I. Abdulg‘afur,yolg'iz,3,3,4,4,4,3.6,84%
D. Marjona,yoshlar daftari,3,4,4,2,4,3.4,15%
E. Gavxar,yolg'iz,2,2,4,2,3,2.6,8%
B. Islom,yolg'iz,3,4,3,2,3,3.0,12%
L. Mahan,temir daftar,4,4,2,4,3,3.4,27%
B. Elyor,temir daftar,4,2,4,3,2,3.0,26%
P. Firdavs,oilali,3,2,4,2,2,2.6,50%
W. Suhrob,ijtimoiy ximoyaga muhtoj oila reestr,4,3,4,2,4,3.4,63%
E. Yorqinoy,chin yetim,2,4,4,3,2,3.0,51%
R. Nurlan,boquvchisini yo'qotgan,3,2,4,2,3,2.8,80%
O. Shaxlo,chin yetim,3,3,2,3,3,2.8,37%
K. Iqbol,ijtimoiy ximoyaga muhtoj oila reestr,3,4,4,2,2,3.0,99%
I. Akifa,boquvchisini yo'qotgan,3,4,3,3,4,3.4,64%
Y. Abdurrahmon,chin yetim,4,4,2,2,3,3.0,17%
N. Rafid,oilali,2,4,4,2,3,3.0,62%
B. Abdulazim,boquvchisini yo'qotgan,3,2,3,3,3,2.8,50%
D. Diyor,temir daftar,4,4,2,4,3,3.4,8%
I. Husnida,chin yetim,4,2,4,3,3,3.2,12%
W. Suhrob,boquvchisini yo'qotgan,2,4,4,4,3,3.4,39%
B. G‘afur,oilali,2,4,3,3,3,3.0,54%
P. Ibrohim,yolg'iz,4,4,4,4,4,4.0,78%
J. Hojimurod,boquvchisini yo'qotgan,4,4,4,4,3,3.8,42%
P. Muhsin,boquvchisini yo'qotgan,4,2,3,4,2,3.0,43%
S. Durdona,oilali,4,2,2,2,2,2.4,67%
C. Shoira,yolg'iz,3,3,2,4,2,2.8,32%
J. Muslima,chin yetim,3,4,3,3,4,3.4,23%
V. Laylo,yoshlar daftari,2,2,2,2,4,2.4,35%
L. Nafisa,chin yetim,4,4,3,4,2,3.4,9%
B. Elyor,yolg'iz,3,2,2,4,4,3.0,99%
U. Abdulhakim,ijtimoiy ximoyaga muhtoj oila reestr,2,2,3,4,3,2.8,19%
G. Rashid,oilali,3,3,2,3,3,2.8,74%
S. Gulasal,chin yetim,2,4,4,3,2,3.0,11%
E. Safiya,boquvchisini yo'qotgan,4,3,3,2,3,3.0,61%
R. Adiba,oilali,4,2,4,4,4,3.6,17%
I. Husnida,temir daftar,3,3,4,4,2,3.2,93%
Y. Zulxumor,yolg'iz,2,3,3,2,4,2.8,62%
T. Taxmina,chin yetim,3,4,2,3,3,3.0,83%
P. Asila,oilali,2,3,2,3,2,2.4,24%
R. Kubad,chin yetim,3,4,4,4,3,3.6,11%
E. Lutfiya,oilali,3,4,4,2,2,3.0,20%
H. Nasiba,boquvchisini yo'qotgan,2,4,4,4,2,3.2,24%
G. Tabris,temir daftar,3,4,3,3,3,3.2,10%
Y. To‘lqin,temir daftar,2,3,4,2,4,3.0,63%
A. Doniyor,ijtimoiy ximoyaga muhtoj oila reestr,4,2,4,4,2,3.2,72%
Y. Visola,oilali,4,3,4,3,4,3.6,49%
R. Akif,chin yetim,2,2,4,2,4,2.8,61%
C. Dilnoza,temir daftar,2,3,4,3,3,3.0,88%
Q. Zilola,yolg'iz,4,3,4,3,4,3.6,98%
L. Avaz,temir daftar,4,2,4,4,3,3.4,95%
F. Ifora,yoshlar daftari,4,2,3,3,2,2.8,48%
P. Kamola,yoshlar daftari,3,3,3,3,2,2.8,13%
I. Shodiya,temir daftar,2,3,3,2,2,2.4,0%
K. Oysha,oilali,2,3,3,4,2,2.8,80%
J. Yorbek,ijtimoiy ximoyaga muhtoj oila reestr,3,2,3,2,3,2.6,24%
O. Zaynab,temir daftar,4,4,2,3,3,3.2,58%
W. Javlon,boquvchisini yo'qotgan,2,3,2,3,2,2.4,71%
E. Abduljabbor,chin yetim,3,2,3,4,3,3.0,68%
Q. Gulchexra,ijtimoiy ximoyaga muhtoj oila reestr,2,4,3,4,3,3.2,4%
Y. Ikrom,boquvchisini yo'qotgan,4,2,3,3,2,2.8,98%
H. Azamat,ijtimoiy ximoyaga muhtoj oila reestr,4,2,2,4,2,2.8,18%
Y. Behruz,boquvchisini yo'qotgan,3,3,3,2,3,2.8,22%
O. Gulnora,chin yetim,3,3,3,3,3,3.0,8%
R. Kubad,chin yetim,2,3,3,4,2,2.8,93%
Y. Abduljalil,yoshlar daftari,2,2,2,3,3,2.4,49%
W. Javlon,oilali,4,4,2,4,4,3.6,15%
O. Fazilat,boquvchisini yo'qotgan,2,2,4,3,4,3.0,32%
S. Madid,yoshlar daftari,4,3,3,2,2,2.8,1%
A. Dilmurod,boquvchisini yo'qotgan,4,3,2,4,3,3.2,13%
D. Bahrom,yoshlar daftari,4,2,2,3,4,3.0,0%
Q. Rahim,chin yetim,3,2,2,4,4,3.0,89%
O. Ubaydulloh,ijtimoiy ximoyaga muhtoj oila reestr,4,3,4,4,2,3.4,57%
W. Afzun,yolg'iz,2,4,4,2,4,3.2,88%
Y. Zokir,yoshlar daftari,3,3,3,4,2,3.0,15%
X. Zafar,boquvchisini yo'qotgan,4,4,2,2,2,2.8,78%
X. Osiyo,boquvchisini yo'qotgan,3,4,2,4,3,3.2,89%
U. Samina,yolg'iz,3,2,2,4,2,2.6,46%
W. Usmon,oilali,4,2,4,4,4,3.6,43%
E. Asal,chin yetim,4,3,4,2,3,3.2,79%
H. Safo,boquvchisini yo'qotgan,3,4,3,4,2,3.2,13%
G. Sirojiddin,temir daftar,4,3,2,4,2,3.0,92%
Y. Safura,ijtimoiy ximoyaga muhtoj oila reestr,2,3,2,3,2,2.4,23%
C. G‘ulom,yoshlar daftari,4,2,4,4,2,3.2,54%
Q. Mavluda,oilali,4,2,2,4,4,3.2,14%
Y. Ikrom,yolg'iz,3,4,3,4,2,3.2,82%
K. Samir,ijtimoiy ximoyaga muhtoj oila reestr,4,2,2,2,3,2.6,71%
J. Burhon,chin yetim,4,2,2,3,4,3.0,33%
H. Jasmina,oilali,4,3,3,4,3,3.4,1%
U. Ulug‘bek,yoshlar daftari,4,4,2,2,4,3.2,26%
N. Lola,yoshlar daftari,4,4,4,4,4,4.0,73%
L. Umar,yolg'iz,3,4,3,3,4,3.4,98%
D. Musulmon,temir daftar,4,3,3,4,4,3.6,86%
A. Karima,yolg'iz,3,3,3,2,3,2.8,71%
M. Ma’mur,chin yetim,2,4,4,3,4,3.4,91%
D. Rizvon,oilali,4,4,4,2,2,3.2,22%
E. Umida,oilali,3,3,3,4,4,3.4,67%
E. Asal,boquvchisini yo'qotgan,2,2,3,2,2,2.2,13%
O. Sadar,temir daftar,2,2,2,3,3,2.4,62%
K. Samir,temir daftar,2,3,4,2,4,3.0,92%
Y. To‘lqin,oilali,3,3,4,3,2,3.0,64%
C. Nargiza,oilali,4,2,4,3,4,3.4,67%
Y. Abduljalil,ijtimoiy ximoyaga muhtoj oila reestr,4,2,3,2,3,2.8,62%
U. Zamira,ijtimoiy ximoyaga muhtoj oila reestr,2,4,2,3,3,2.8,95%
T. Elbek,ijtimoiy ximoyaga muhtoj oila reestr,4,3,2,4,3,3.2,96%
Y. Zaynura,temir daftar,3,2,2,4,3,2.8,89%
T. Iskandar,boquvchisini yo'qotgan,2,4,3,3,4,3.2,80%
A. Sherzod,yoshlar daftari,4,2,3,3,3,3.0,86%
J. Oqil,ijtimoiy ximoyaga muhtoj oila reestr,4,2,3,4,3,3.2,63%
J. Munira,boquvchisini yo'qotgan,2,3,2,2,3,2.4,31%
S. Lochin,yolg'iz,3,2,4,2,3,2.8,78%
O. Ziroat,chin yetim,3,4,2,2,2,2.6,12%
M. Ismoil,ijtimoiy ximoyaga muhtoj oila reestr,3,2,4,3,3,3.0,65%
S. Lochin,yolg'iz,2,4,3,3,2,2.8,18%
N. Raif,yoshlar daftari,2,4,2,4,3,3.0,23%
B. Islom,chin yetim,4,4,4,3,2,3.4,87%
Q. Rahim,chin yetim,3,2,4,4,4,3.4,10%
Z. Saida,yoshlar daftari,4,4,2,2,4,3.2,58%
Q. Zilola,ijtimoiy ximoyaga muhtoj oila reestr,3,3,4,2,3,3.0,85%
B. Dilafruz,temir daftar,3,3,4,3,3,3.2,14%
V. Maxfuza,yoshlar daftari,3,3,2,4,4,3.2,9%
N. Madina,yoshlar daftari,2,2,4,3,3,2.8,40%
P. Mansur,yoshlar daftari,4,3,2,3,3,3.0,26%
G. Rashid,chin yetim,3,4,2,3,4,3.2,59%
T. Ibodulloh,boquvchisini yo'qotgan,3,2,3,2,3,2.6,72%
G. Lutfulloh,yolg'iz,2,3,2,3,3,2.6,51%
W. Abdulhafiz,temir daftar,4,4,2,3,2,3.0,27%
V. Amir,ijtimoiy ximoyaga muhtoj oila reestr,4,2,2,4,3,3.0,64%
B. Dilafruz,ijtimoiy ximoyaga muhtoj oila reestr,2,4,3,4,2,3.0,16%
H. Jasmina,yolg'iz,3,3,4,4,4,3.6,94%
M. Muqaddam,boquvchisini yo'qotgan,3,3,2,3,2,2.6,43%
E. Abduljabbor,yoshlar daftari,4,4,3,4,4,3.8,9%
E. Odil,temir daftar,3,2,3,2,3,2.6,62%
D. Bahrom,ijtimoiy ximoyaga muhtoj oila reestr,3,4,3,3,2,3.0,92%
G. Zulayxo,yolg'iz,4,2,2,4,4,3.2,81%
A. Farruh,oilali,4,3,4,4,4,3.8,46%
J. Hojimurod,yolg'iz,2,2,3,2,3,2.4,37%
A. Oliya,ijtimoiy ximoyaga muhtoj oila reestr,2,4,2,3,2,2.6,69%
P. Muzaffar,yoshlar daftari,4,3,4,4,3,3.6,75%
F. Shaxzoda,oilali,4,4,2,4,4,3.6,52%
Q. Rahim,boquvchisini yo'qotgan,4,4,3,2,4,3.4,77%
P. Abror,temir daftar,4,3,4,3,2,3.2,43%
M. Iroda,boquvchisini yo'qotgan,2,4,4,4,3,3.4,73%
C. Bilol,boquvchisini yo'qotgan,4,4,2,4,2,3.2,53%
K. Yoznur,yolg'iz,4,2,4,2,3,3.0,19%
O. Shaxlo,temir daftar,2,2,2,4,4,2.8,78%
Q. Rayxona,temir daftar,4,3,3,2,3,3.0,30%
V. Maxfuza,ijtimoiy ximoyaga muhtoj oila reestr,2,2,2,3,4,2.6,6%
Q. Abdulhay,ijtimoiy ximoyaga muhtoj oila reestr,3,2,2,3,2,2.4,57%
O. Diyora,temir daftar,2,3,3,3,2,2.6,9%
K. E’zoza,oilali,2,4,4,3,4,3.4,9%
C. Iffar,chin yetim,2,4,2,3,3,2.8,38%
O. Feruza,ijtimoiy ximoyaga muhtoj oila reestr,2,4,3,3,4,3.2,27%
Z. Latofat,chin yetim,4,2,4,4,4,3.6,29%
W. Bekmurod,yolg'iz,2,2,3,2,3,2.4,36%
U. Mushtariy,oilali,4,3,3,4,3,3.4,66%
Z. Asad,temir daftar,2,2,2,2,3,2.2,42%
A. Farhod,oilali,3,4,3,3,3,3.2,78%
D. Jahongir,ijtimoiy ximoyaga muhtoj oila reestr,4,2,3,4,4,3.4,84%
Z. G‘affor,boquvchisini yo'qotgan,4,2,3,4,2,3.0,51%
G. Robiya,yolg'iz,4,4,4,4,4,4.0,55%
G. Robiya,temir daftar,2,3,3,3,3,2.8,75%
U. Ahmad,yoshlar daftari,2,2,2,4,4,2.8,67%
P. Sulaymon,yolg'iz,4,3,4,3,4,3.6,8%
W. Jaloliddin,chin yetim,3,4,4,2,4,3.4,91%
Q. Rustam,oilali,4,2,3,2,2,2.6,22%
Q. Binafsha,temir daftar,3,4,3,4,4,3.6,62%
G. Asliya,yolg'iz,3,2,3,4,3,3.0,60%
E. Lutfiya,oilali,3,4,2,3,4,3.2,39%
G. Mirziyo,temir daftar,4,3,2,3,2,2.8,43%
G. Ma’mura,ijtimoiy ximoyaga muhtoj oila reestr,2,2,2,3,4,2.6,85%
Y. To‘lqin,yolg'iz,4,4,4,4,4,4.0,23%
A. Bahtbek,ijtimoiy ximoyaga muhtoj oila reestr,3,2,4,3,4,3.2,50%
D. Ravshan,yolg'iz,4,2,2,2,4,2.8,57%
T. Oybek,ijtimoiy ximoyaga muhtoj oila reestr,4,4,2,3,4,3.4,89%
U. Maqsud,oilali,4,4,3,4,3,3.6,93%
V. Abdulg‘ani,yoshlar daftari,4,3,4,2,2,3.0,32%
F. Jumagul,yolg'iz,2,2,4,2,3,2.6,15%
D. G‘iyos,yolg'iz,2,2,2,4,2,2.4,21%
Y. Abdullatif,ijtimoiy ximoyaga muhtoj oila reestr,3,2,2,2,3,2.4,56%
M. Mahmud,temir daftar,2,3,3,2,3,2.6,61%
M. Ma’mur,yolg'iz,4,2,2,3,3,2.8,81%
B. Fayziddin,ijtimoiy ximoyaga muhtoj oila reestr,2,4,3,3,4,3.2,70%
Q. Zohir,boquvchisini yo'qotgan,4,2,4,2,4,3.2,89%
A. Akmal,ijtimoiy ximoyaga muhtoj oila reestr,3,2,2,2,4,2.6,71%
U. Mohir,oilali,3,2,2,2,2,2.2,69%
G. Mashxura,yoshlar daftari,3,4,3,2,3,3.0,29%
B. Nazif,boquvchisini yo'qotgan,2,4,4,4,2,3.2,22%
Q. Gulchexra,oilali,3,4,2,2,3,2.8,31%
W. Vasliya,oilali,4,2,3,4,3,3.2,85%
N. Abdulmalik,oilali,3,2,2,2,3,2.4,56%
S. Mumtoz,temir daftar,2,3,3,2,4,2.8,8%
G. Mashxura,oilali,4,4,3,3,3,3.4,30%
Y. Abdullatif,temir daftar,2,3,2,2,4,2.6,70%
R. Moxira,oilali,4,4,2,2,2,2.8,8%
P. Zarifa,chin yetim,3,2,4,4,2,3.0,12%
E. Umida,boquvchisini yo'qotgan,2,4,2,4,3,3.0,57%
K. Shukrulloh,chin yetim,4,3,2,2,3,2.8,2%
Y. Moxinur,oilali,2,3,2,4,2,2.6,34%
D. Bahrom,boquvchisini yo'qotgan,4,4,3,2,3,3.2,96%
A. Abdurrashid,boquvchisini yo'qotgan,2,4,4,2,2,2.8,20%
D. Gulsora,yolg'iz,3,2,2,2,3,2.4,63%
M. Gulzira,yoshlar daftari,2,4,3,3,4,3.2,94%
G. Sirojiddin,chin yetim,4,4,2,4,2,3.2,51%
P. Muzaffar,yoshlar daftari,3,3,4,2,4,3.2,33%
T. Saxida,boquvchisini yo'qotgan,4,2,4,3,4,3.4,95%
R. Hanifa,temir daftar,2,2,3,2,2,2.2,34%
R. Abdulqahhor,boquvchisini yo'qotgan,3,4,3,4,3,3.4,14%
G. Asliya,yoshlar daftari,4,3,4,3,4,3.6,95%
U. Zamira,chin yetim,3,2,4,3,4,3.2,5%
E. Ma’sud,oilali,4,3,4,3,2,3.2,84%
Y. Ikrom,yolg'iz,4,2,4,4,4,3.6,96%
U. Zubayr,yolg'iz,3,2,4,3,4,3.2,31%
N. Munif,yolg'iz,3,4,2,2,4,3.0,51%
S. Abdulg‘affor,oilali,3,4,3,4,3,3.4,82%
C. Shaxrizoda,yolg'iz,2,4,2,2,4,2.8,96%
C. Mo‘min,chin yetim,4,3,3,2,3,3.0,27%
Q. Moxina,oilali,3,4,3,2,3,3.0,94%
F. Abdulkarim,yolg'iz,2,4,2,3,4,3.0,84%
F. Sadriddin,oilali,3,4,4,3,3,3.4,97%
U. Mohir,yoshlar daftari,4,4,3,2,3,3.2,63%
G. Tabris,chin yetim,4,3,2,3,4,3.2,78%
"L. Miron, Miran",ijtimoiy ximoyaga muhtoj oila reestr,3,4,4,3,4,3.6,77%
O. Jalol,temir daftar,4,2,2,2,2,2.4,18%
L. Anvar,yolg'iz,4,3,4,4,4,3.8,14%
Q. Zohid,temir daftar,3,2,4,4,2,3.0,5%
E. Ashraf,oilali,4,3,4,4,2,3.4,72%
Y. Ikrom,temir daftar,4,4,3,2,2,3.0,83%
A. Farruh,chin yetim,3,4,2,2,4,3.0,97%
Y. Moxinur,chin yetim,4,2,4,2,4,3.2,37%
X. Zayniddin,boquvchisini yo'qotgan,4,3,4,3,4,3.6,25%
A. Farruh,yolg'iz,2,2,4,4,2,2.8,81%
C. Abdulahad,boquvchisini yo'qotgan,4,3,3,3,3,3.2,91%
M. Asolat,temir daftar,3,4,4,3,4,3.6,50%
P. Ibrohim,ijtimoiy ximoyaga muhtoj oila reestr,4,3,4,4,4,3.8,72%
B. G‘afur,boquvchisini yo'qotgan,3,4,2,2,3,2.8,95%
D. Ma’ruf,boquvchisini yo'qotgan,2,3,2,2,2,2.2,52%
X. Lobar,chin yetim,3,3,4,3,2,3.0,55%
K. Muyassar,ijtimoiy ximoyaga muhtoj oila reestr,2,3,3,3,4,3.0,58%
K. E’zoza,oilali,2,4,4,2,2,2.8,69%
V. Sayyora,temir daftar,3,3,4,3,3,3.2,77%
S. Durdona,boquvchisini yo'qotgan,2,2,3,2,3,2.4,91%
S. Erkin,ijtimoiy ximoyaga muhtoj oila reestr,2,2,2,2,3,2.2,57%
Q. Moxina,yolg'iz,4,2,3,3,2,2.8,87%
I. Mazbut,ijtimoiy ximoyaga muhtoj oila reestr,4,2,3,4,3,3.2,12%
Q. Abdulvahhob,temir daftar,2,4,3,3,3,3.0,42%
L. Nafisa,ijtimoiy ximoyaga muhtoj oila reestr,2,4,2,2,2,2.4,75%
N. Nizomiddin,ijtimoiy ximoyaga muhtoj oila reestr,4,2,2,2,2,2.4,50%
Y. Visola,ijtimoiy ximoyaga muhtoj oila reestr,3,2,3,2,4,2.8,18%
J. Yorbek,yolg'iz,3,3,3,3,4,3.2,20%
W. Abdulmajid,boquvchisini yo'qotgan,2,3,4,3,2,2.8,90%
Z. Asad,temir daftar,3,4,2,4,2,3.0,82%
Q. Muhtor,yolg'iz,2,2,3,4,4,3.0,23%
C. Abdulahad,ijtimoiy ximoyaga muhtoj oila reestr,4,2,3,2,4,3.0,25%
W. Muzayyana,ijtimoiy ximoyaga muhtoj oila reestr,3,3,3,4,3,3.2,44%
L. Mustafo,boquvchisini yo'qotgan,3,2,2,3,3,2.6,27%
O. Zaynab,temir daftar,2,2,2,4,4,2.8,81%
F. Atif,chin yetim,2,3,2,4,3,2.8,99%
T. Elbek,yolg'iz,4,3,4,3,3,3.4,28%
Q. Jamila,boquvchisini yo'qotgan,3,3,4,4,3,3.4,16%
"L. Nosir, Nosirjon",temir daftar,3,4,3,3,3,3.2,67%
T. Jo‘rabek,yolg'iz,2,3,2,3,4,2.8,43%
R. Elnur,ijtimoiy ximoyaga muhtoj oila reestr,2,2,3,3,2,2.4,60%
M. Maqsuda,temir daftar,4,4,3,4,4,3.8,92%
A. Sherzod,temir daftar,3,4,3,2,3,3.0,67%
Z. Malika,oilali,2,2,4,4,4,3.2,73%
A. Farhod,temir daftar,3,4,2,4,4,3.4,24%
G. Nozima,chin yetim,3,3,2,3,4,3.0,94%
F. Moxigul,temir daftar,3,2,4,2,3,2.8,66%
G. Yoqub,chin yetim,3,2,4,3,3,3.0,1%
Q. Dilfuza,ijtimoiy ximoyaga muhtoj oila reestr,4,3,2,3,3,3.0,88%
T. O‘tkir,chin yetim,4,2,4,3,3,3.2,48%
S. Dovud,yolg'iz,4,4,4,2,3,3.4,69%
H. Mufiz,ijtimoiy ximoyaga muhtoj oila reestr,4,3,2,2,2,2.6,25%
L. Alisher,ijtimoiy ximoyaga muhtoj oila reestr,2,3,2,2,4,2.6,71%
V. Guljaxon,chin yetim,2,4,2,2,4,2.8,98%
K. Saloh,boquvchisini yo'qotgan,2,3,3,2,3,2.6,26%
T. Jasur,yoshlar daftari,4,2,2,4,4,3.2,88%
M. Ma’mur,temir daftar,4,2,4,4,3,3.4,17%
G. Nozima,oilali,3,2,3,3,4,3.0,53%
G. Mirziyo,yoshlar daftari,4,3,3,3,2,3.0,0%
V. Hosiyat,temir daftar,2,2,3,3,2,2.4,60%
C. Sobit,temir daftar,2,3,4,2,3,2.8,2%
A. Anas,ijtimoiy ximoyaga muhtoj oila reestr,3,4,3,3,2,3.0,67%
U. Qudrat,temir daftar,2,4,4,3,2,3.0,40%
U. Abdulhakim,oilali,4,4,4,3,2,3.4,36%
N. Lola,temir daftar,4,2,4,4,2,3.2,50%
W. Urfon,chin yetim,2,2,3,4,3,2.8,14%
P. Sulaymon,yoshlar daftari,2,4,3,4,3,3.2,7%
Q. Rayxona,chin yetim,2,3,4,4,4,3.4,37%
U. Umid,oilali,4,2,3,2,2,2.6,82%
P. Mansur,temir daftar,2,4,4,4,3,3.4,55%
Q. Aziza,yolg'iz,4,3,4,4,2,3.4,46%
K. Bahtiyor,oilali,2,2,3,3,4,2.8,89%
I. Abdulvohid,ijtimoiy ximoyaga muhtoj oila reestr,3,4,3,3,3,3.2,9%
Y. To‘lqin,chin yetim,2,3,2,2,3,2.4,77%
T. Moxidil,chin yetim,4,4,4,3,4,3.8,48%
G. Dilorom,boquvchisini yo'qotgan,2,4,3,4,2,3.0,40%
R. Zayd,temir daftar,3,4,3,3,3,3.2,82%
K. Bahtiyor,ijtimoiy ximoyaga muhtoj oila reestr,4,3,4,2,4,3.4,29%
G. Yoqub,yolg'iz,2,4,3,4,3,3.2,4%
A. Dilmurod,chin yetim,2,4,3,2,2,2.6,94%
T. Saxida,chin yetim,4,2,3,2,2,2.6,70%
B. Elyor,ijtimoiy ximoyaga muhtoj oila reestr,3,2,2,2,2,2.2,82%
J. Yorbek,oilali,3,2,3,2,2,2.4,30%
C. Shoira,oilali,2,2,3,3,3,2.6,51%
I. Sa’dulloh,temir daftar,4,2,2,3,4,3.0,87%
Y. Safura,boquvchisini yo'qotgan,2,3,2,2,3,2.4,97%
D. Boymurod,chin yetim,3,2,2,3,2,2.4,22%
C. Ramziddin,boquvchisini yo'qotgan,2,3,2,2,4,2.6,47%
S. Sojida,oilali,3,4,4,4,2,3.4,39%
W. Afzun,oilali,2,4,4,4,2,3.2,5%
G. Anora,yoshlar daftari,4,4,3,3,2,3.2,37%
L. Said,yolg'iz,3,3,3,2,3,2.8,40%
M. Ma’mur,temir daftar,2,4,3,2,3,2.8,99%
I. Nusratulloh,yoshlar daftari,4,2,2,2,4,2.8,26%
F. Sadriddin,yolg'iz,4,4,2,4,3,3.4,74%
A. Jamol,yoshlar daftari,4,2,3,4,3,3.2,68%
W. Usmon,yoshlar daftari,3,2,3,3,2,2.6,56%
S. Solixa,temir daftar,2,2,3,3,3,2.6,16%
C. Mo‘min,temir daftar,2,4,3,4,2,3.0,70%
M. Muqaddam,ijtimoiy ximoyaga muhtoj oila reestr,3,4,3,3,3,3.2,90%
K. Shukrulloh,boquvchisini yo'qotgan,4,2,3,2,2,2.6,46%
E. Umida,boquvchisini yo'qotgan,4,4,2,3,4,3.4,78%
E. Murod,ijtimoiy ximoyaga muhtoj oila reestr,3,3,3,2,3,2.8,12%
O. Ziroat,ijtimoiy ximoyaga muhtoj oila reestr,2,2,3,3,3,2.6,10%
W. Abdulhafiz,oilali,3,2,3,3,2,2.6,89%
L. Olim,yolg'iz,4,4,2,4,2,3.2,85%
Z. Muqaddas,yoshlar daftari,3,3,4,3,4,3.4,91%
W. Omina,ijtimoiy ximoyaga muhtoj oila reestr,4,3,3,4,3,3.4,23%
C. Shaxrizoda,chin yetim,2,3,3,2,3,2.6,92%
K. Dilso‘z,boquvchisini yo'qotgan,3,4,3,3,2,3.0,72%
A. Jamol,ijtimoiy ximoyaga muhtoj oila reestr,4,4,4,3,4,3.8,3%
Z. Asad,chin yetim,2,4,2,4,4,3.2,45%
E. Abdussamad,chin yetim,2,4,4,4,3,3.4,17%
R. Aziz,chin yetim,2,4,2,2,2,2.4,42%
Y. Muazzam,oilali,4,4,2,3,2,3.0,79%
K. Yorqin,oilali,3,2,2,2,4,2.6,32%
A. Zebo,chin yetim,3,3,2,4,4,3.2,92%
M. Muqaddam,yolg'iz,3,4,3,3,3,3.2,9%
"L. Saadi, Sa’di",oilali,4,3,3,2,3,3.0,72%
J. Davriya,yoshlar daftari,3,2,2,4,3,2.8,58%
R. Zayd,chin yetim,4,4,2,4,3,3.4,30%
Y. Safura,yoshlar daftari,2,3,3,2,3,2.6,27%
J. Munira,yoshlar daftari,2,3,2,4,3,2.8,59%
E. Oynur,chin yetim,2,3,3,3,2,2.6,2%
R. Nurlan,boquvchisini yo'qotgan,4,4,4,2,4,3.6,54%
E. Ashraf,yolg'iz,2,3,3,4,2,2.8,13%
Q. Zohir,chin yetim,3,2,2,3,2,2.4,57%
G. Anora,chin yetim,3,3,3,2,3,2.8,88%
E. Hurram,oilali,2,3,3,4,4,3.2,14%
Q. Gulchexra,chin yetim,4,2,2,3,3,2.8,1%
O. Zaynab,boquvchisini yo'qotgan,3,3,2,3,3,2.8,23%
S. Lochin,oilali,4,3,3,3,2,3.0,77%
Y. To‘lqin,temir daftar,4,3,3,4,3,3.4,63%
U. Abdulxamid,temir daftar,2,3,2,2,3,2.4,70%
S. Dovud,yoshlar daftari,4,2,4,3,2,3.0,99%
E. Abdussamad,yolg'iz,3,4,3,3,2,3.0,23%
G. Abdulboriy,yoshlar daftari,3,3,3,2,4,3.0,26%
L. Izzat,boquvchisini yo'qotgan,4,3,2,3,4,3.2,36%
Q. Bahriddin,ijtimoiy ximoyaga muhtoj oila reestr,2,4,4,2,2,2.8,93%
C. Saboxon,yolg'iz,3,3,4,2,2,2.8,90%
J. Muslima,temir daftar,3,4,4,3,2,3.2,38%
J. Davriya,yoshlar daftari,3,3,3,3,2,2.8,62%
U. Najmiddin,temir daftar,3,2,3,4,2,2.8,78%
J. Ilyos,boquvchisini yo'qotgan,4,3,3,3,2,3.0,25%
W. Suhrob,boquvchisini yo'qotgan,4,2,2,3,4,3.0,64%
V. Asilbek,ijtimoiy ximoyaga muhtoj oila reestr,3,2,3,4,3,3.0,3%
G. Abdulboriy,ijtimoiy ximoyaga muhtoj oila reestr,4,4,3,2,3,3.2,28%
X. Ozod,oilali,2,2,3,2,2,2.2,0%
E. Gavxar,yolg'iz,3,3,3,2,4,3.0,49%
E. Safiya,boquvchisini yo'qotgan,2,4,3,4,3,3.2,85%
G. Yoqub,yoshlar daftari,3,4,3,4,3,3.4,10%
R. Mabruk,temir daftar,2,2,3,3,4,2.8,73%
R. Maloxat,chin yetim,2,4,3,3,4,3.2,58%
G. Nozima,ijtimoiy ximoyaga muhtoj oila reestr,3,2,4,2,2,2.6,61%
P. Kamola,chin yetim,2,4,3,2,2,2.6,80%
N. Shirin,yoshlar daftari,2,3,3,4,3,3.0,35%
T. Mirdas,ijtimoiy ximoyaga muhtoj oila reestr,4,4,4,4,4,4.0,55%
C. Badriddin,chin yetim,2,3,2,4,3,2.8,89%
X. Husniya,yolg'iz,2,2,4,2,2,2.4,20%
K. Shukrulloh,yoshlar daftari,2,2,2,4,4,2.8,12%
J. Burhon,temir daftar,2,4,4,3,2,3.0,8%
S. Solixa,yolg'iz,4,4,2,3,2,3.0,10%
K. Ziyoda,yoshlar daftari,3,2,2,2,2,2.2,74%
Y. Abdurrahmon,oilali,3,3,4,2,3,3.0,69%
J. Komila,ijtimoiy ximoyaga muhtoj oila reestr,3,3,2,4,3,3.0,0%
U. Umid,boquvchisini yo'qotgan,2,3,3,4,3,3.0,69%
F. Mahrus,temir daftar,3,2,2,4,2,2.6,76%
A. Farhod,yolg'iz,2,4,3,4,2,3.0,85%
U. Ulug‘bek,yolg'iz,4,3,4,2,2,3.0,55%
V. Hosiyat,chin yetim,4,3,4,3,3,3.4,30%
B. Islom,ijtimoiy ximoyaga muhtoj oila reestr,4,3,2,4,3,3.2,85%
O. Diyora,boquvchisini yo'qotgan,2,4,2,2,2,2.4,36%
Q. Safir,yoshlar daftari,3,4,4,3,4,3.6,46%
D. Vosil,boquvchisini yo'qotgan,2,4,3,2,3,2.8,90%
T. Roziya,ijtimoiy ximoyaga muhtoj oila reestr,2,2,4,2,3,2.6,77%
P. Abror,ijtimoiy ximoyaga muhtoj oila reestr,4,3,2,3,3,3.0,46%
E. Abdulholiq,oilali,2,4,3,2,4,3.0,68%
U. Ahmad,oilali,4,4,3,3,3,3.4,57%
Q. Rahim,boquvchisini yo'qotgan,4,3,2,3,3,3.0,35%
Q. Safir,yoshlar daftari,4,3,2,4,2,3.0,31%
J. Oqil,boquvchisini yo'qotgan,4,4,3,2,4,3.4,97%
S. Gulasal,ijtimoiy ximoyaga muhtoj oila reestr,3,4,4,4,4,3.8,63%
J. Oqil,ijtimoiy ximoyaga muhtoj oila reestr,4,4,3,4,2,3.4,70%
R. Maloxat,chin yetim,3,2,4,2,4,3.0,41%
S. Erkin,oilali,4,3,3,4,3,3.4,47%
F. Abdulaziz,chin yetim,2,3,3,2,3,2.6,73%
P. Muhsin,temir daftar,4,2,4,2,4,3.2,80%
Q. Gulchexra,ijtimoiy ximoyaga muhtoj oila reestr,4,3,4,3,2,3.2,29%
F. Nurbek,chin yetim,4,4,2,2,4,3.2,20%
N. Shirin,boquvchisini yo'qotgan,2,3,2,2,4,2.6,59%
A. Oygul,oilali,3,2,3,3,3,2.8,12%
G. Maxsuma,oilali,4,2,4,2,2,2.8,0%
Q. Aziza,yoshlar daftari,4,3,3,2,4,3.2,64%
M. Ma’mur,boquvchisini yo'qotgan,3,3,2,2,4,2.8,32%
I. Muxsina,yoshlar daftari,2,3,3,3,3,2.8,37%
X. Muattar,chin yetim,4,4,2,2,2,2.8,24%
K. Oysha,yolg'iz,4,3,2,3,2,2.8,25%
U. Qudrat,temir daftar,2,2,2,2,3,2.2,76%
A. Otabek,boquvchisini yo'qotgan,2,3,4,2,3,2.8,58%
E. Lutfiya,boquvchisini yo'qotgan,4,4,4,3,2,3.4,91%
O. Fazilat,boquvchisini yo'qotgan,2,3,2,3,2,2.4,32%
V. Davron,yoshlar daftari,4,2,3,3,4,3.2,40%
W. Laziz,chin yetim,3,2,2,4,3,2.8,29%
X. Gulbaxor,boquvchisini yo'qotgan,4,2,4,3,4,3.4,56%
X. Omad,yolg'iz,3,3,2,2,2,2.4,48%
E. Ashraf,boquvchisini yo'qotgan,3,4,3,2,2,2.8,47%
R. Moxira,oilali,4,2,2,2,4,2.8,71%
E. Guljamol,temir daftar,3,2,4,2,4,3.0,48%
P. Kamola,oilali,2,4,2,3,2,2.6,46%
S. Maxbuba,oilali,4,2,3,2,4,3.0,55%
T. Elbek,temir daftar,4,3,4,2,2,3.0,64%
A. Karima,yolg'iz,2,4,2,2,2,2.4,11%
T. Abdulvali,chin yetim,3,4,4,4,3,3.6,68%
Q. Safir,oilali,4,3,3,4,2,3.2,87%
E. Safiya,chin yetim,2,4,4,3,4,3.4,5%
X. Zafar,oilali,3,4,2,2,4,3.0,88%
Q. Rayxona,ijtimoiy ximoyaga muhtoj oila reestr,3,2,3,4,4,3.2,64%
F. Fazliddin,temir daftar,2,4,2,3,2,2.6,24%
O. Rauf,oilali,2,3,2,2,4,2.6,0%
R. Nuriddin,ijtimoiy ximoyaga muhtoj oila reestr,3,2,3,3,2,2.6,31%
N. Raif,yoshlar daftari,4,3,2,3,4,3.2,2%
Q. Aziza,ijtimoiy ximoyaga muhtoj oila reestr,4,4,2,2,4,3.2,48%
C. Badriddin,boquvchisini yo'qotgan,2,4,2,4,3,3.0,18%
G. Nilufar,oilali,4,4,2,2,2,2.8,59%
Q. Abdulhay,ijtimoiy ximoyaga muhtoj oila reestr,2,2,2,3,4,2.6,28%
A. Zebo,chin yetim,4,4,3,4,3,3.6,49%
S. Mumtoz,yoshlar daftari,3,3,4,3,4,3.4,1%
K. Nasriddin,yolg'iz,4,2,2,3,3,2.8,72%
A. Mubina,oilali,4,3,3,4,3,3.4,55%
U. Abdulhakim,boquvchisini yo'qotgan,3,4,4,2,4,3.4,16%
X. Husniya,yolg'iz,2,3,4,4,4,3.4,59%
F. Shaxzoda,ijtimoiy ximoyaga muhtoj oila reestr,3,2,3,3,4,3.0,35%
R. Aziz,yolg'iz,2,3,4,3,3,3.0,60%
G. Yoqub,yolg'iz,4,4,2,3,4,3.4,16%
P. Mansur,yoshlar daftari,4,2,2,4,2,2.8,48%
K. Ziyoda,yolg'iz,4,3,2,3,3,3.0,75%
W. Bekmurod,yolg'iz,3,4,3,3,3,3.2,59%
S. Fayzbek,oilali,4,3,3,2,4,3.2,19%
U. Najmiddin,yoshlar daftari,3,2,4,4,4,3.4,49%
S. Javohir,boquvchisini yo'qotgan,4,4,4,3,3,3.6,2%
U. Raxmatulloh,ijtimoiy ximoyaga muhtoj oila reestr,3,3,2,3,4,3.0,42%
L. Sadoqat,yoshlar daftari,3,3,4,3,3,3.2,56%
D. Vosil,yoshlar daftari,3,2,3,4,4,3.2,49%
Z. G‘affor,temir daftar,3,3,3,4,4,3.4,67%
A. Sherzod,yoshlar daftari,2,2,2,4,2,2.4,80%
A. A’zam,temir daftar,3,3,4,2,3,3.0,49%
I. Sa’dulloh,ijtimoiy ximoyaga muhtoj oila reestr,4,2,3,2,4,3.0,36%
T. Yulduz,yolg'iz,2,4,2,3,4,3.0,45%
U. Fotih,oilali,4,4,2,2,3,3.0,41%
R. Aziz,oilali,4,4,2,2,3,3.0,14%
H. Muhammad,ijtimoiy ximoyaga muhtoj oila reestr,3,2,4,3,2,2.8,32%
P. Zarifa,ijtimoiy ximoyaga muhtoj oila reestr,2,4,2,2,3,2.6,79%
A. Abdurrashid,chin yetim,2,2,3,4,4,3.0,10%
O. Afruza,yolg'iz,3,3,4,4,4,3.6,19%
V. Elmurod,ijtimoiy ximoyaga muhtoj oila reestr,4,4,3,2,4,3.4,23%
T. Moxidil,yoshlar daftari,4,2,2,2,2,2.4,63%
B. Ihtiyor,oilali,2,2,3,2,2,2.2,79%
J. Davriya,boquvchisini yo'qotgan,3,2,4,4,2,3.0,93%
G. Yunus,oilali,3,4,3,4,2,3.2,97%
X. Nizom,temir daftar,3,3,3,4,4,3.4,64%
K. Yorqin,oilali,4,2,4,2,3,3.0,87%
G. Zulayxo,chin yetim,3,2,4,2,3,2.8,87%
Q. Aziza,yolg'iz,3,2,4,4,2,3.0,72%
O. Rauf,ijtimoiy ximoyaga muhtoj oila reestr,2,4,3,2,4,3.0,85%
S. Maxbuba,yolg'iz,4,3,3,3,3,3.2,75%
G. Nozima,ijtimoiy ximoyaga muhtoj oila reestr,3,2,4,2,2,2.6,16%
W. Abdulhafiz,oilali,2,2,2,3,3,2.4,88%
Y. Ikrom,boquvchisini yo'qotgan,4,2,4,3,3,3.2,91%
G. Sirojiddin,boquvchisini yo'qotgan,3,2,2,3,4,2.8,60%
K. Oysha,chin yetim,4,3,4,3,4,3.6,14%
"W. Rayona, Rayyona",temir daftar,3,4,2,3,3,3.0,93%
A. Oygul,oilali,4,3,3,3,2,3.0,50%
D. Soxiba,ijtimoiy ximoyaga muhtoj oila reestr,2,4,2,4,2,2.8,26%
J. Ilyos,oilali,4,2,2,4,3,3.0,85%
K. Dilso‘z,chin yetim,3,2,4,3,4,3.2,73%
T. Nazrulloh,yoshlar daftari,3,4,2,4,3,3.2,60%
C. Lutfi,yoshlar daftari,2,4,3,2,4,3.0,57%
Y. Visola,chin yetim,3,4,4,2,2,3.0,30%
E. Oynur,ijtimoiy ximoyaga muhtoj oila reestr,3,2,3,4,4,3.2,90%
B. Sevara,yolg'iz,3,4,2,4,2,3.0,11%
P. Zaxro,chin yetim,3,3,4,4,2,3.2,45%
Q. Muhtor,ijtimoiy ximoyaga muhtoj oila reestr,2,4,4,3,3,3.2,30%
F. Atif,boquvchisini yo'qotgan,3,4,4,4,3,3.6,31%
L. Asadulloh,chin yetim,4,2,4,4,4,3.6,31%
M. Gulzira,ijtimoiy ximoyaga muhtoj oila reestr,4,4,2,2,4,3.2,98%
P. Izzatulloh,chin yetim,3,4,4,4,3,3.6,52%
B. Ihtiyor,chin yetim,3,3,2,3,2,2.6,60%
Q. Gulnoza,yolg'iz,2,3,3,3,2,2.6,45%
K. Yoznur,yolg'iz,4,3,3,3,2,3.0,84%
N. Madina,ijtimoiy ximoyaga muhtoj oila reestr,2,4,3,2,4,3.0,73%
F. Jumagul,ijtimoiy ximoyaga muhtoj oila reestr,3,2,3,3,2,2.6,79%
J. Zebiniso,temir daftar,2,2,3,3,4,2.8,6%
E. Lutfiya,chin yetim,3,2,3,4,4,3.2,3%
E. Lutfiya,yoshlar daftari,2,2,4,4,4,3.2,90%
U. Sitora,chin yetim,2,4,4,2,3,3.0,51%
V. Laylo,chin yetim,3,4,3,3,3,3.2,88%
G. Nusrat,ijtimoiy ximoyaga muhtoj oila reestr,3,4,3,3,2,3.0,30%
D. Musulmon,chin yetim,4,2,2,4,3,3.0,74%
W. Shamsiddin,oilali,2,4,3,4,2,3.0,83%
G. Rashid,chin yetim,3,3,4,3,2,3.0,35%
E. Abduljabbor,oilali,2,2,4,3,3,2.8,53%
G. Nusrat,yolg'iz,3,2,3,2,3,2.6,53%
Y. Zoxida,yoshlar daftari,2,3,4,4,2,3.0,16%
K. Yoznur,ijtimoiy ximoyaga muhtoj oila reestr,2,3,3,4,3,3.0,74%
B. Kozim,chin yetim,2,2,2,2,2,2.0,29%
K. Samir,oilali,4,4,2,3,2,3.0,98%
J. Umidulloh,oilali,4,2,4,4,2,3.2,21%
I. Shodiya,yolg'iz,2,3,4,3,2,2.8,42%
J. Muslima,oilali,4,3,3,3,2,3.0,26%
V. Laylo,boquvchisini yo'qotgan,2,2,4,2,4,2.8,36%
B. Elyor,temir daftar,3,3,2,3,2,2.6,45%
K. E’zoza,yoshlar daftari,4,3,2,3,3,3.0,34%
Y. Dilrabo,yolg'iz,2,3,3,3,3,2.8,3%
E. Fozil,yolg'iz,4,3,3,2,4,3.2,79%
N. Raif,chin yetim,2,2,2,4,2,2.4,79%
U. Raxmatulloh,boquvchisini yo'qotgan,2,2,3,2,4,2.6,84%
R. Nurlan,chin yetim,4,3,4,4,3,3.6,25%
V. Elmurod,chin yetim,2,3,2,2,4,2.6,99%
P. Gulra’no,ijtimoiy ximoyaga muhtoj oila reestr,3,4,4,2,4,3.4,18%
L. Mahan,ijtimoiy ximoyaga muhtoj oila reestr,3,4,4,2,3,3.2,80%
E. Ma’sud,ijtimoiy ximoyaga muhtoj oila reestr,4,2,4,3,4,3.4,44%
Y. Dilrabo,boquvchisini yo'qotgan,4,2,4,2,3,3.0,25%
Q. Abdulhay,chin yetim,4,3,3,4,2,3.2,21%
U. Mohir,temir daftar,3,3,4,4,4,3.6,57%
A. Oygul,yoshlar daftari,4,4,4,2,3,3.4,62%
N. Lola,ijtimoiy ximoyaga muhtoj oila reestr,2,2,4,3,2,2.6,27%
E. Ma’sud,ijtimoiy ximoyaga muhtoj oila reestr,4,4,3,2,2,3.0,64%
C. Lutfi,yolg'iz,2,4,3,3,2,2.8,43%
L. Zoyir,chin yetim,4,2,3,4,2,3.0,99%
L. Hamid,chin yetim,2,4,3,4,2,3.0,42%
"Q. Barchinoy, Oybarchin",boquvchisini yo'qotgan,2,2,2,3,3,2.4,36%
U. Ali,boquvchisini yo'qotgan,2,3,3,3,2,2.6,65%
H. Azamat,ijtimoiy ximoyaga muhtoj oila reestr,4,4,4,2,3,3.4,16%
C. Sardor,chin yetim,3,2,2,4,4,3.0,39%
E. Ma’sud,temir daftar,2,4,3,2,2,2.6,37%
"W. Rayona, Rayyona",yoshlar daftari,3,3,3,4,2,3.0,84%
O. Samiya,chin yetim,4,3,4,3,4,3.6,60%
M. Ozodbek,yolg'iz,4,3,4,2,4,3.4,8%
K. Oysha,chin yetim,4,2,3,2,4,3.0,76%
X. Nizom,oilali,3,4,4,2,2,3.0,74%
U. Ulug‘bek,boquvchisini yo'qotgan,3,3,3,4,2,3.0,60%
S. Durdona,yolg'iz,2,2,3,2,2,2.2,79%
H. Hurshida,yoshlar daftari,2,3,2,3,2,2.4,15%
E. Gavxar,ijtimoiy ximoyaga muhtoj oila reestr,2,2,3,3,2,2.4,1%
Q. Mavluda,yolg'iz,4,3,3,2,4,3.2,71%
Y. Afzal,chin yetim,2,3,3,2,2,2.4,42%
L. Alisher,ijtimoiy ximoyaga muhtoj oila reestr,4,4,3,4,4,3.8,41%
R. Uzayr,chin yetim,3,3,3,3,2,2.8,76%
W. Abdulmajid,ijtimoiy ximoyaga muhtoj oila reestr,3,3,3,4,3,3.2,56%
D. Gulsora,yoshlar daftari,2,2,3,2,4,2.6,80%
P. Ibrohim,boquvchisini yo'qotgan,3,2,2,3,2,2.4,87%
Q. Mavluda,yoshlar daftari,3,2,4,2,2,2.6,66%
M. Munisa,oilali,3,2,3,4,3,3.0,29%
L. Umar,temir daftar,3,2,4,3,2,2.8,12%
M. Narimon,boquvchisini yo'qotgan,2,3,2,3,3,2.6,18%
G. Zulayxo,yoshlar daftari,3,4,3,2,4,3.2,6%
X. Lobar,oilali,2,4,4,4,4,3.6,8%
U. Sohib,temir daftar,2,3,2,3,2,2.4,82%
K. Yorqin,oilali,4,4,3,3,2,3.2,53%
Z. Sarvinoz,chin yetim,3,2,3,3,3,2.8,85%
G. Nilufar,chin yetim,4,4,2,3,2,3.0,81%
E. Hurram,ijtimoiy ximoyaga muhtoj oila reestr,3,4,4,3,3,3.4,60%
R. Uzayr,boquvchisini yo'qotgan,4,4,2,4,3,3.4,86%
C. Sardor,chin yetim,2,3,2,3,4,2.8,1%
K. E’zoza,yolg'iz,3,2,3,2,3,2.6,49%
M. Ahror,oilali,4,4,3,3,3,3.4,74%
L. Said,boquvchisini yo'qotgan,2,3,3,2,4,2.8,30%
E. Gavxar,yolg'iz,3,3,4,4,2,3.2,32%
B. Dilafruz,chin yetim,3,3,2,4,2,2.8,77%
L. Mahan,ijtimoiy ximoyaga muhtoj oila reestr,4,2,4,2,4,3.2,79%
E. Oynur,yoshlar daftari,4,4,4,4,3,3.8,10%
L. Izzat,ijtimoiy ximoyaga muhtoj oila reestr,4,3,4,3,3,3.4,32%
Z. Sarvinoz,yolg'iz,2,4,2,2,4,2.8,6%
K. Valiya,temir daftar,2,4,2,4,4,3.2,30%
G. Asliya,chin yetim,4,3,2,3,2,2.8,47%
F. Kamoliddin,yolg'iz,2,2,3,2,3,2.4,46%
O. Rauf,temir daftar,4,2,2,4,4,3.2,77%
O. Jalol,temir daftar,2,4,3,3,2,2.8,91%
Y. Dilrabo,oilali,3,3,2,4,2,2.8,52%
I. Abdulvohid,boquvchisini yo'qotgan,3,2,2,3,3,2.6,79%
I. Sa’dulloh,oilali,2,3,3,3,3,2.8,18%
A. Dilmurod,chin yetim,3,3,4,2,3,3.0,80%
Z. Latofat,temir daftar,2,4,3,2,3,2.8,89%
G. Mashxura,yolg'iz,3,3,3,3,3,3.0,5%
P. Asila,yoshlar daftari,3,4,4,3,3,3.4,48%
A. Karima,temir daftar,4,4,4,3,2,3.4,72%
Z. Latofat,yolg'iz,2,2,2,3,2,2.2,49%
C. Sobit,yoshlar daftari,4,4,2,4,3,3.4,80%
V. Saboxat,oilali,2,2,3,4,3,2.8,94%
T. Alima,oilali,3,4,3,4,4,3.6,11%
G. Mashxura,boquvchisini yo'qotgan,3,4,3,4,2,3.2,22%
Q. Dilfuza,yolg'iz,4,4,3,4,2,3.4,53%
P. Ibrohim,temir daftar,2,4,4,2,3,3.0,68%
G. Dilorom,ijtimoiy ximoyaga muhtoj oila reestr,2,2,4,4,2,2.8,99%
A. Sherzod,oilali,3,2,2,3,2,2.4,58%
Z. Zumrad,oilali,2,4,3,4,4,3.4,35%
M. Ma’mur,boquvchisini yo'qotgan,3,3,2,4,3,3.0,2%
X. Ahbor,yoshlar daftari,4,4,3,2,4,3.4,57%
X. Nizom,boquvchisini yo'qotgan,3,2,4,3,4,3.2,87%
K. Valiya,temir daftar,3,3,4,4,3,3.4,54%
R. Mabruk,yolg'iz,2,4,3,3,2,2.8,56%
U. Mohir,chin yetim,2,2,4,3,3,2.8,16%
U. Fahriddin,chin yetim,3,2,3,4,2,2.8,38%
Y. Abdullatif,yolg'iz,2,2,2,4,3,2.6,89%
T. Saxida,yoshlar daftari,4,3,4,2,2,3.0,67%
Z. Yusuf,oilali,4,4,3,4,4,3.8,54%
B. G‘afur,yoshlar daftari,3,3,3,4,3,3.2,44%
O. Shaxlo,oilali,2,2,2,4,2,2.4,75%
O. Hamdam,oilali,4,4,2,3,4,3.4,0%
O. Farangiz,chin yetim,2,4,3,3,2,2.8,20%
T. Toyip,yoshlar daftari,4,4,4,4,2,3.6,82%
G. Umriya,boquvchisini yo'qotgan,3,2,4,4,3,3.2,20%
E. Guljamol,oilali,4,2,2,3,2,2.6,51%
Y. Zoxida,ijtimoiy ximoyaga muhtoj oila reestr,2,2,2,4,2,2.4,81%
I. Akifa,ijtimoiy ximoyaga muhtoj oila reestr,3,3,2,3,2,2.6,42%
Q. Zohid,boquvchisini yo'qotgan,3,3,2,2,4,2.8,51%
J. Umidulloh,ijtimoiy ximoyaga muhtoj oila reestr,2,2,4,2,2,2.4,66%
K. Valiya,temir daftar,4,2,2,4,4,3.2,43%
Q. Zohir,oilali,3,2,3,3,4,3.0,31%
F. Jumagul,boquvchisini yo'qotgan,2,2,4,3,4,3.0,9%
B. Islom,yoshlar daftari,2,4,2,3,2,2.6,63%
W. Shahriyor,oilali,3,3,2,2,3,2.6,78%
Y. Abduljalil,boquvchisini yo'qotgan,4,2,3,3,4,3.2,68%
W. Bekmurod,chin yetim,2,3,4,3,2,2.8,67%
X. Muattar,yoshlar daftari,4,3,4,2,4,3.4,27%
U. Samina,chin yetim,2,3,2,3,3,2.6,52%
S. Gulasal,oilali,2,3,4,3,2,2.8,50%
X. Ne’matulloh,yoshlar daftari,4,4,3,3,2,3.2,52%
D. Zabir,ijtimoiy ximoyaga muhtoj oila reestr,4,2,3,4,2,3.0,3%
R. Zarnigor,boquvchisini yo'qotgan,2,2,2,2,4,2.4,78%
P. Ziyo,oilali,2,4,2,3,3,2.8,16%
C. Saboxon,temir daftar,2,3,4,2,4,3.0,66%
K. Shukrulloh,yoshlar daftari,2,3,4,3,3,3.0,73%
R. Hanifa,yoshlar daftari,2,4,3,2,2,2.6,46%
D. Imron,yolg'iz,2,3,2,4,4,3.0,55%
Q. Muhtor,oilali,3,4,2,3,2,2.8,22%
D. Bahrom,oilali,3,3,2,4,4,3.2,17%
W. Afzun,chin yetim,3,2,2,3,4,2.8,0%
Q. Jamshid,yolg'iz,2,4,4,3,3,3.2,34%
K. Muyassar,ijtimoiy ximoyaga muhtoj oila reestr,4,2,2,3,4,3.0,63%
M. Shahboz,chin yetim,2,2,3,4,2,2.6,57%
J. Burhon,yolg'iz,3,2,2,2,3,2.4,94%
A. Farruh,chin yetim,4,3,4,2,4,3.4,58%
T. Moxidil,ijtimoiy ximoyaga muhtoj oila reestr,2,2,3,2,3,2.4,0%
M. Mahmud,yolg'iz,4,4,2,3,2,3.0,2%
K. Oysha,yolg'iz,3,3,3,4,3,3.2,66%
K. Samir,temir daftar,4,3,4,4,4,3.8,36%
Q. Abdurrahiym,chin yetim,2,3,2,3,3,2.6,82%
Q. Jamshid,chin yetim,2,4,3,4,2,3.0,28%
Q. Bahriddin,yoshlar daftari,4,3,3,3,2,3.0,88%
R. Mabruk,ijtimoiy ximoyaga muhtoj oila reestr,3,2,4,3,3,3.0,32%
G. Nilufar,boquvchisini yo'qotgan,3,4,3,2,4,3.2,99%
O. Gulnora,temir daftar,4,4,4,4,2,3.6,60%
L. Samira,yolg'iz,4,3,4,4,4,3.8,92%
L. Samira,yolg'iz,4,4,2,2,4,3.2,89%
E. Asal,yolg'iz,2,3,4,3,3,3.0,3%
Q. Habib,temir daftar,4,3,3,3,4,3.4,13%
F. Sanobar,yolg'iz,4,3,4,4,3,3.6,90%
N. Guloy,yolg'iz,4,2,4,2,3,3.0,32%
A. Akmal,ijtimoiy ximoyaga muhtoj oila reestr,4,3,3,3,3,3.2,21%
Z. Yusuf,oilali,3,4,2,4,4,3.4,47%
Z. Zarina,oilali,4,4,2,4,3,3.4,2%
T. Roziya,yoshlar daftari,4,4,2,2,3,3.0,86%
E. Ma’sud,yoshlar daftari,4,4,4,3,2,3.4,84%
G. Shaxnoza,yolg'iz,3,4,2,2,3,2.8,22%
D. Jahongir,ijtimoiy ximoyaga muhtoj oila reestr,2,2,4,4,2,2.8,67%
U. Asomiddin,yolg'iz,2,3,3,2,4,2.8,20%
R. Zarnigor,yoshlar daftari,2,2,4,4,3,3.0,42%
Y. Zoxida,temir daftar,3,3,3,4,2,3.0,94%
Y. Zulxumor,temir daftar,3,3,4,4,2,3.2,84%
J. Oqil,boquvchisini yo'qotgan,2,4,3,3,3,3.0,25%
Q. Habib,oilali,2,3,3,4,3,3.0,40%
C. Iffar,ijtimoiy ximoyaga muhtoj oila reestr,4,3,2,3,3,3.0,98%
L. Mustafo,chin yetim,4,4,4,3,3,3.6,37%
U. Fahriddin,oilali,2,3,2,4,4,3.0,87%
D. Vosil,chin yetim,4,2,3,4,3,3.2,10%
Y. Afzal,boquvchisini yo'qotgan,3,4,2,3,4,3.2,28%
J. Hayrulloh,boquvchisini yo'qotgan,3,3,3,3,3,3.0,59%
R. Nuriddin,yolg'iz,2,2,4,2,2,2.4,66%
Y. Behruz,yoshlar daftari,2,3,3,4,4,3.2,64%
O. Feruza,boquvchisini yo'qotgan,4,3,2,2,3,2.8,60%
F. Mahrus,boquvchisini yo'qotgan,4,4,4,3,4,3.8,18%
W. Abdulmajid,chin yetim,4,3,2,3,3,3.0,45%
H. Nasiba,yoshlar daftari,3,3,2,4,3,3.0,48%
H. Azamat,boquvchisini yo'qotgan,2,4,4,4,3,3.4,21%
G. Zulayxo,oilali,3,4,4,4,4,3.8,77%
A. Abdulqodir,boquvchisini yo'qotgan,4,4,2,4,3,3.4,56%
L. Hamza,yoshlar daftari,3,3,4,3,2,3.0,13%
K. Samir,yolg'iz,4,3,2,2,3,2.8,43%
N. Nuriya,ijtimoiy ximoyaga muhtoj oila reestr,2,3,2,4,4,3.0,15%
C. Bilol,yoshlar daftari,4,4,4,3,4,3.8,96%
Z. Malika,chin yetim,4,4,4,2,4,3.6,76%
D. Soxiba,ijtimoiy ximoyaga muhtoj oila reestr,4,3,2,3,4,3.2,11%
Q. Binafsha,oilali,3,3,4,2,2,2.8,54%
T. Akram,temir daftar,3,4,3,3,3,3.2,50%
E. O‘ktam,yoshlar daftari,4,4,2,4,3,3.4,38%
M. Asolat,yolg'iz,3,2,4,3,2,2.8,32%
T. Alima,chin yetim,2,3,3,4,2,2.8,32%
B. Nazif,oilali,3,2,4,3,4,3.2,28%
S. Gulasal,ijtimoiy ximoyaga muhtoj oila reestr,2,4,4,2,4,3.2,68%
A. A’zam,oilali,2,3,2,2,3,2.4,69%
M. Mahmud,yoshlar daftari,2,3,3,2,4,2.8,30%
F. Mahrus,boquvchisini yo'qotgan,4,3,4,4,2,3.4,79%
C. Dilnoza,yolg'iz,3,3,2,4,3,3.0,30%
T. Taxmina,yoshlar daftari,4,3,3,3,3,3.2,88%
G. Lutfulloh,temir daftar,4,4,4,4,2,3.6,45%
R. Zayd,yoshlar daftari,3,3,3,2,4,3.0,96%
Q. Gulnoza,ijtimoiy ximoyaga muhtoj oila reestr,3,4,4,2,2,3.0,76%
I. Kamol,ijtimoiy ximoyaga muhtoj oila reestr,4,3,3,2,2,2.8,51%
P. Abror,yoshlar daftari,2,2,2,2,2,2.0,9%
K. Abdurrazzoq,ijtimoiy ximoyaga muhtoj oila reestr,3,2,2,3,3,2.6,87%
T. Roziya,boquvchisini yo'qotgan,4,2,2,2,2,2.4,73%
X. Zayniddin,oilali,4,3,3,2,2,2.8,40%
Z. Zarina,yoshlar daftari,2,4,4,3,2,3.0,94%
K. Sarvar,yolg'iz,2,2,2,4,3,2.6,76%
A. Anis,boquvchisini yo'qotgan,3,4,2,3,3,3.0,2%
Y. Dilrabo,oilali,4,2,3,2,3,2.8,58%
W. Javlon,yolg'iz,4,2,4,3,4,3.4,51%
J. Sulton,yolg'iz,4,4,3,2,4,3.4,33%
U. Ahmad,yolg'iz,2,3,2,4,4,3.0,48%
X. Zinnura,oilali,4,4,4,4,3,3.8,27%
C. G‘ulom,boquvchisini yo'qotgan,3,3,2,2,3,2.6,82%
A. Karima,yolg'iz,2,2,4,4,2,2.8,86%
G. Dilorom,yolg'iz,2,3,2,4,2,2.6,95%
T. Moxidil,chin yetim,3,4,4,4,4,3.8,12%
C. Shahzod,yoshlar daftari,2,3,2,2,4,2.6,96%
W. Barno,oilali,3,4,2,2,4,3.0,97%
B. Abdulazim,oilali,2,2,4,2,3,2.6,96%
U. Abdulhakim,ijtimoiy ximoyaga muhtoj oila reestr,4,3,2,2,4,3.0,68%
Q. Bahriddin,oilali,2,4,4,4,4,3.6,66%
Q. Rustam,boquvchisini yo'qotgan,4,3,4,3,2,3.2,60%
O. Ubaydulloh,oilali,4,2,4,3,3,3.2,59%
P. Muniba,chin yetim,3,2,4,2,3,2.8,70%
Q. Abdulloh,yoshlar daftari,2,3,3,3,4,3.0,23%
K. Oysha,yoshlar daftari,4,3,2,2,4,3.0,62%
R. Abdulqahhor,oilali,3,2,3,2,4,2.8,85%
I. Abdulvohid,yolg'iz,3,3,2,2,2,2.4,60%
J. Komila,temir daftar,3,4,4,2,4,3.4,22%
I. Sa’dulloh,temir daftar,2,4,3,2,4,3.0,29%
C. Saboxon,yolg'iz,3,4,3,3,4,3.4,59%
O. Hamdam,yolg'iz,4,3,3,3,2,3.0,17%
O. Shaxlo,yolg'iz,3,2,3,2,3,2.6,95%
Z. Saida,boquvchisini yo'qotgan,3,3,4,4,3,3.4,55%
F. Abdulaziz,temir daftar,2,2,3,4,2,2.6,52%
J. Davriya,yolg'iz,4,2,3,4,2,3.0,6%
N. Nuriya,boquvchisini yo'qotgan,3,3,3,4,4,3.4,96%
E. Yahyo,ijtimoiy ximoyaga muhtoj oila reestr,3,4,2,3,3,3.0,68%
K. Oysha,boquvchisini yo'qotgan,4,3,2,4,4,3.4,91%
S. Fayzbek,temir daftar,3,3,3,4,3,3.2,71%
N. Guloy,oilali,2,3,3,4,3,3.0,78%
Q. Gulnoza,ijtimoiy ximoyaga muhtoj oila reestr,4,3,2,2,4,3.0,51%
J. Zebiniso,temir daftar,4,3,3,2,3,3.0,3%
K. Saloh,boquvchisini yo'qotgan,2,4,3,4,3,3.2,33%
V. Asilbek,chin yetim,2,4,4,3,4,3.4,68%
C. Bilol,yoshlar daftari,2,4,4,3,4,3.4,32%
W. Urfon,temir daftar,3,3,4,2,3,3.0,68%
V. Amir,yolg'iz,4,3,2,2,3,2.8,37%
P. Muniba,boquvchisini yo'qotgan,2,4,4,3,2,3.0,97%
W. Muzayyana,yolg'iz,4,4,4,3,3,3.6,25%
D. Gulsora,yolg'iz,4,4,2,2,2,2.8,0%
I. Sa’dulloh,yolg'iz,3,4,3,4,2,3.2,3%
G. Maxsuma,yolg'iz,2,2,2,4,2,2.4,38%
R. Mabruk,yolg'iz,4,4,3,2,2,3.0,53%
F. Ifora,ijtimoiy ximoyaga muhtoj oila reestr,3,4,2,4,3,3.2,89%
O. Rauf,temir daftar,4,2,4,4,2,3.2,32%
Z. G‘affor,temir daftar,2,4,4,3,2,3.0,32%
E. Odil,yoshlar daftari,4,2,3,4,4,3.4,71%
K. Iqbol,boquvchisini yo'qotgan,4,2,3,2,4,3.0,19%
M. Narimon,chin yetim,3,4,4,2,4,3.4,15%
A. Sherzod,ijtimoiy ximoyaga muhtoj oila reestr,3,4,4,2,3,3.2,20%
D. Bobur,boquvchisini yo'qotgan,2,4,2,2,2,2.4,44%
"Q. Barchinoy, Oybarchin",ijtimoiy ximoyaga muhtoj oila reestr,2,4,4,3,2,3.0,89%
V. Sayyora,temir daftar,2,3,2,3,4,2.8,86%
G. Sirojiddin,yolg'iz,3,2,3,4,2,2.8,81%
Z. Zumrad,yoshlar daftari,4,4,3,4,2,3.4,61%
U. Mohir,yoshlar daftari,4,4,3,4,3,3.6,30%
R. Aziz,oilali,3,2,2,2,2,2.2,41%
N. Nodira,chin yetim,3,4,2,2,2,2.6,11%
S. Lochin,yoshlar daftari,4,2,4,3,3,3.2,64%
T. Go‘zal,yolg'iz,3,4,2,2,2,2.6,72%
X. Omad,temir daftar,2,2,4,3,2,2.6,2%
U. Maqsud,chin yetim,3,4,4,2,4,3.4,89%
Q. Shodiyor,boquvchisini yo'qotgan,3,2,2,3,2,2.4,8%
Z. Malika,yolg'iz,2,3,2,2,3,2.4,50%
D. Arslon,yolg'iz,4,3,2,3,2,2.8,15%
U. Umid,yoshlar daftari,2,3,2,4,2,2.6,87%
T. Saxida,chin yetim,3,4,4,2,3,3.2,77%
G. Nilufar,temir daftar,2,2,3,3,2,2.4,2%
I. Sa’dulloh,oilali,4,2,4,2,3,3.0,97%
M. Afzuna,ijtimoiy ximoyaga muhtoj oila reestr,4,3,3,3,3,3.2,96%
G. Sirojiddin,ijtimoiy ximoyaga muhtoj oila reestr,3,2,4,2,2,2.6,23%
M. Mahmud,temir daftar,2,3,2,4,2,2.6,72%
M. Asolat,temir daftar,3,4,4,4,4,3.8,12%
M. Maqsuda,ijtimoiy ximoyaga muhtoj oila reestr,2,3,4,4,3,3.2,1%
L. Alisher,oilali,2,4,2,2,2,2.4,70%
L. Samandar,chin yetim,2,4,4,2,2,2.8,20%
I. Uchqun,ijtimoiy ximoyaga muhtoj oila reestr,3,3,3,4,3,3.2,18%
G. Hoji,temir daftar,4,4,4,4,3,3.8,88%
E. Ashraf,yoshlar daftari,2,2,2,3,2,2.2,46%
Z. Zarina,boquvchisini yo'qotgan,3,3,3,2,2,2.6,21%
W. Vasliya,oilali,2,4,3,4,3,3.2,74%
T. O‘tkir,yolg'iz,2,3,3,4,3,3.0,32%
G. Anora,oilali,2,3,3,3,4,3.0,31%
C. Mo‘min,yoshlar daftari,3,3,4,4,4,3.6,63%
R. Adiba,yoshlar daftari,4,2,2,3,2,2.6,84%
J. Salima,yolg'iz,3,2,4,4,2,3.0,38%
A. Sherzod,temir daftar,2,3,3,3,4,3.0,83%
D. Vazira,ijtimoiy ximoyaga muhtoj oila reestr,4,4,4,3,4,3.8,71%
L. Asadulloh,chin yetim,4,4,4,2,3,3.4,41%
T. Oybek,oilali,3,4,2,3,3,3.0,8%
D. Zabir,yolg'iz,4,4,3,3,2,3.2,24%
L. Mahan,oilali,3,3,4,3,4,3.4,88%
T. Jasur,yoshlar daftari,3,3,3,2,4,3.0,96%
K. Iqbol,ijtimoiy ximoyaga muhtoj oila reestr,2,3,2,4,3,2.8,1%
L. Ozoda,oilali,2,2,4,2,4,2.8,18%
I. Sa’dulloh,chin yetim,3,3,2,3,3,2.8,19%
S. Ra’no,yoshlar daftari,2,3,2,4,4,3.0,92%
I. Adham,chin yetim,4,2,2,3,3,2.8,69%
Z. Latofat,ijtimoiy ximoyaga muhtoj oila reestr,3,3,3,2,2,2.6,16%
O. Diyora,oilali,4,4,4,4,2,3.6,88%
G. Noila,boquvchisini yo'qotgan,2,2,3,3,4,2.8,67%
C. Ramziya,oilali,3,2,4,4,3,3.2,93%
L. Asadulloh,ijtimoiy ximoyaga muhtoj oila reestr,4,3,3,4,3,3.4,83%
B. Fayziddin,oilali,3,3,3,4,2,3.0,2%
D. Zabir,yolg'iz,2,3,3,3,2,2.6,86%
M. Afzuna,oilali,3,4,4,4,2,3.4,50%
F. Moxigul,temir daftar,3,3,3,2,2,2.6,81%
T. Taxmina,oilali,2,2,4,2,2,2.4,25%
A. Otabek,oilali,2,3,3,3,4,3.0,55%
W. Javlon,chin yetim,4,2,3,4,3,3.2,99%
E. Yorqinoy,boquvchisini yo'qotgan,4,4,2,2,4,3.2,63%
O. Diyora,chin yetim,2,4,4,3,2,3.0,7%
W. Mafzuna,chin yetim,2,2,3,3,3,2.6,80%
T. Yulduz,yoshlar daftari,2,2,2,3,3,2.4,94%
X. Osiyo,temir daftar,4,3,4,2,3,3.2,36%
E. Lutfiya,chin yetim,2,2,2,2,3,2.2,96%
H. Azamat,yolg'iz,2,4,3,2,3,2.8,26%
E. Yorqinoy,ijtimoiy ximoyaga muhtoj oila reestr,4,2,4,2,4,3.2,44%
L. Sadoqat,yolg'iz,2,3,2,3,2,2.4,3%
U. Asomiddin,ijtimoiy ximoyaga muhtoj oila reestr,2,4,4,4,2,3.2,85%
F. Mahrus,oilali,2,2,3,3,2,2.4,89%
U. Umid,yoshlar daftari,4,4,4,2,4,3.6,95%
W. Vasliya,temir daftar,2,3,4,3,4,3.2,87%
T. Abdulvali,yolg'iz,2,2,2,2,4,2.4,98%
F. Shaxzoda,temir daftar,3,2,4,3,2,2.8,36%
Y. Zulxumor,yolg'iz,3,2,3,3,2,2.6,95%
W. Javlon,oilali,4,3,2,3,3,3.0,70%
S. Mumtoz,ijtimoiy ximoyaga muhtoj oila reestr,4,3,3,2,2,2.8,32%
C. Iffar,boquvchisini yo'qotgan,4,3,3,3,4,3.4,30%
B. Elyor,yoshlar daftari,3,2,4,2,2,2.6,54%
C. Abdulahad,yolg'iz,4,2,3,4,2,3.0,11%
D. Musulmon,yolg'iz,3,3,2,3,4,3.0,10%
K. Sarvar,oilali,2,3,3,2,2,2.4,87%
B. Mafruza,yoshlar daftari,2,2,4,2,4,2.8,71%
S. Durdona,ijtimoiy ximoyaga muhtoj oila reestr,4,2,4,2,2,2.8,31%
V. Sayyora,ijtimoiy ximoyaga muhtoj oila reestr,3,2,3,4,3,3.0,56%
G. Shaxnoza,yolg'iz,4,2,4,4,2,3.2,37%
N. Madina,boquvchisini yo'qotgan,4,2,3,2,2,2.6,59%
K. Valiya,boquvchisini yo'qotgan,4,3,2,3,3,3.0,85%
E. Lutfiya,temir daftar,4,2,4,2,3,3.0,97%
X. Osiyo,yoshlar daftari,2,2,3,3,2,2.4,18%
A. Oliya,yoshlar daftari,4,2,3,4,3,3.2,83%
W. Abdulmajid,ijtimoiy ximoyaga muhtoj oila reestr,3,4,3,3,3,3.2,55%
L. Alisher,temir daftar,3,3,3,3,3,3.0,13%
E. Umida,oilali,3,2,2,3,2,2.4,32%
N. Nodira,yoshlar daftari,4,2,3,3,2,2.8,9%
J. Hayrulloh,temir daftar,3,4,4,3,4,3.6,79%
T. Abdulvali,temir daftar,4,2,4,2,3,3.0,63%
C. Komil,yolg'iz,2,3,3,3,3,2.8,63%
G. Abdulboriy,ijtimoiy ximoyaga muhtoj oila reestr,3,2,3,4,4,3.2,61%
Q. Muhtor,temir daftar,3,4,2,2,3,2.8,67%
D. Gulsora,boquvchisini yo'qotgan,3,3,4,4,2,3.2,90%
R. Gulzoda,boquvchisini yo'qotgan,4,2,4,2,3,3.0,91%
U. Samina,chin yetim,4,2,4,3,2,3.0,42%
D. Diyor,ijtimoiy ximoyaga muhtoj oila reestr,4,4,3,3,2,3.2,79%
O. Abdulfattoh,yolg'iz,4,4,3,3,2,3.2,58%
D. Ravshan,oilali,4,4,2,2,3,3.0,51%
V. Maxfuza,chin yetim,3,2,2,4,2,2.6,96%
I. Husnida,boquvchisini yo'qotgan,2,4,2,3,3,2.8,18%
G. Abbos,yolg'iz,4,2,3,3,3,3.0,20%
F. Mardon,chin yetim,3,2,2,2,2,2.2,21%
L. Olim,ijtimoiy ximoyaga muhtoj oila reestr,3,4,4,3,3,3.4,8%
R. Kubad,yolg'iz,4,4,3,3,2,3.2,8%
R. Adiba,ijtimoiy ximoyaga muhtoj oila reestr,2,4,3,4,2,3.0,72%
X. Omad,temir daftar,2,4,2,3,4,3.0,26%
O. Jalol,yoshlar daftari,3,3,2,3,4,3.0,16%
B. Mafruza,temir daftar,3,3,3,3,3,3.0,43%
W. Suhrob,ijtimoiy ximoyaga muhtoj oila reestr,2,4,2,4,4,3.2,44%
A. A’zam,yolg'iz,4,4,4,3,2,3.4,7%
J. Sulton,boquvchisini yo'qotgan,2,3,4,2,3,2.8,79%
O. Sadar,oilali,3,2,2,4,4,3.0,17%
I. Uchqun,boquvchisini yo'qotgan,2,4,3,4,4,3.4,32%
I. Abdulg‘afur,yolg'iz,3,4,3,4,2,3.2,0%
G. Yoqub,temir daftar,4,2,2,2,2,2.4,75%
L. Qosim,oilali,2,3,3,3,2,2.6,5%
A. Karima,yolg'iz,4,3,4,4,2,3.4,40%
S. Dovud,ijtimoiy ximoyaga muhtoj oila reestr,2,2,3,2,3,2.4,54%
I. Vafo,boquvchisini yo'qotgan,3,3,3,2,3,2.8,4%
X. Ozod,ijtimoiy ximoyaga muhtoj oila reestr,2,2,3,2,4,2.6,58%
R. Elnur,oilali,2,2,3,3,2,2.4,79%
A. Sherzod,oilali,3,4,4,3,2,3.2,17%
Q. Zohir,boquvchisini yo'qotgan,4,4,2,3,4,3.4,48%
F. Abdulaziz,ijtimoiy ximoyaga muhtoj oila reestr,2,2,4,3,4,3.0,81%
E. Abdulholiq,chin yetim,2,4,3,2,3,2.8,64%
T. Taxmina,ijtimoiy ximoyaga muhtoj oila reestr,4,4,3,4,3,3.6,82%
Q. Jamshid,oilali,4,3,3,2,2,2.8,53%
