F.I.Sh,ijtimoiy holati,ijtimoiy qatlami,Python,Kompyuterli nigoh,Data mining,Web texnologiyalar,Suniy intellekt,davomat
lbmyv,yolg'iz,3,2,4,2,3,3,32
vhspv,boquvchisini yo'qotgan,4,4,4,4,4,3,27
kwaqf,yoshlar daftari,3,2,3,2,3,4,11
vxbyz,temir daftar,4,2,2,2,4,2,18
gapmc,ijtimoiy ximoyaga muhtoj oila restor,4,2,4,2,2,3,67
uxgrg,yoshlar daftari,4,4,3,2,3,4,62
wlhuf,oliali,2,4,3,2,3,3,76
ntbnc,oliali,3,2,3,4,3,3,21
yorhh,ijtimoiy ximoyaga muhtoj oila restor,4,4,2,2,2,4,22
fiygc,yolg'iz,4,2,2,2,4,3,32
ptgrs,boquvchisini yo'qotgan,4,2,4,3,4,2,7
bowdh,chin yetim,3,3,2,4,4,3,18
szikg,ijtimoiy ximoyaga muhtoj oila restor,4,2,3,4,3,3,13
awrdh,oliali,3,4,2,4,3,3,21
sbjdk,yolg'iz,3,3,2,2,4,2,39
dcvzu,yoshlar daftari,4,3,3,3,3,3,80
szfxd,temir daftar,3,2,4,2,3,2,98
npgge,boquvchisini yo'qotgan,4,2,2,3,4,4,17
dwvwu,boquvchisini yo'qotgan,3,3,3,3,4,4,21
kphuw,ijtimoiy ximoyaga muhtoj oila restor,2,2,4,3,2,3,13
eoklv,ijtimoiy ximoyaga muhtoj oila restor,2,2,3,2,2,3,92
xcopz,boquvchisini yo'qotgan,2,3,2,4,2,3,70
ogqeh,ijtimoiy ximoyaga muhtoj oila restor,4,4,3,2,4,3,28
iacap,yoshlar daftari,3,2,3,2,4,2,61
ykzxd,boquvchisini yo'qotgan,4,2,3,3,3,2,19
bdjrz,ijtimoiy ximoyaga muhtoj oila restor,3,4,3,4,4,4,24
qmhlj,ijtimoiy ximoyaga muhtoj oila restor,2,2,2,3,4,2,35
akorj,oliali,4,2,4,3,3,2,76
qtrrl,chin yetim,4,4,2,3,3,3,37
qujku,oliali,4,4,2,3,3,2,8
mqpcl,ijtimoiy ximoyaga muhtoj oila restor,3,3,4,3,2,4,89
iqzuu,ijtimoiy ximoyaga muhtoj oila restor,2,3,2,2,4,3,81
nldvh,oliali,3,3,2,4,4,4,9
iwqps,yolg'iz,3,4,3,2,2,3,17
nbyij,boquvchisini yo'qotgan,2,3,4,3,3,2,23
tebvt,yolg'iz,2,3,3,2,4,3,6
zpgpb,boquvchisini yo'qotgan,3,3,2,2,4,3,18
tcgky,yoshlar daftari,4,4,2,3,4,2,85
eurdk,oliali,2,2,2,2,3,2,12
ukjks,temir daftar,4,4,3,2,2,4,64
vgyqg,ijtimoiy ximoyaga muhtoj oila restor,4,2,4,3,2,3,66
bxduj,chin yetim,4,2,4,4,2,2,42
txuon,oliali,3,4,2,3,3,3,41
sxeqj,oliali,4,3,4,4,3,4,1
ievrj,temir daftar,3,2,4,3,4,3,77
jtbur,oliali,2,2,3,4,4,2,15
rvsod,chin yetim,4,4,3,4,4,4,9
otfam,oliali,4,3,2,4,2,3,63
vwdcq,oliali,3,2,2,4,3,2,11
gwhqt,yolg'iz,3,3,4,4,4,3,62
jsndf,oliali,4,2,4,2,3,2,50
ynhmt,chin yetim,3,4,2,4,2,4,40
orvud,yolg'iz,2,4,2,3,2,3,65
uyyki,boquvchisini yo'qotgan,4,2,4,3,3,4,62
ynlsl,temir daftar,4,2,3,4,4,2,2
hbakz,oliali,4,3,2,4,4,2,56
pvmed,yolg'iz,4,4,2,3,3,2,24
ehhim,yolg'iz,3,4,3,2,2,3,55
txvto,chin yetim,4,4,2,3,4,2,33
sthde,yolg'iz,3,3,3,4,4,2,97
znfyd,yoshlar daftari,2,2,4,4,4,4,86
zmtfx,yoshlar daftari,3,3,4,4,2,2,33
bkcgv,chin yetim,3,3,2,2,3,4,5
ibjnd,yolg'iz,3,2,2,3,4,3,6
zlnmy,temir daftar,3,2,4,2,4,2,92
flmga,yolg'iz,3,4,4,4,2,4,23
wqqbm,yolg'iz,3,2,3,4,4,3,3
ownfw,yolg'iz,3,3,3,4,3,4,36
jcdnj,temir daftar,2,2,2,2,2,3,24
ektqr,ijtimoiy ximoyaga muhtoj oila restor,3,4,2,2,4,3,42
wuchn,yoshlar daftari,3,2,4,4,2,3,49
jmnzo,boquvchisini yo'qotgan,2,3,4,3,3,2,66
ftaxs,ijtimoiy ximoyaga muhtoj oila restor,2,3,2,2,4,3,83
rpisx,temir daftar,3,2,2,3,2,3,3
drtde,yolg'iz,3,4,3,3,3,2,31
snefs,ijtimoiy ximoyaga muhtoj oila restor,4,4,3,3,3,2,86
bixvu,chin yetim,3,4,3,4,4,3,52
kdvnp,chin yetim,4,2,2,2,4,2,78
agbmq,yoshlar daftari,2,3,4,2,2,3,78
qbkss,oliali,2,3,4,3,4,4,65
jyhqz,temir daftar,2,2,3,2,2,4,76
zemew,chin yetim,2,4,3,3,3,4,93
wxbbr,yolg'iz,2,4,4,4,2,4,11
ijixn,chin yetim,3,2,3,4,4,2,14
aoakh,yoshlar daftari,2,2,4,4,2,2,76
bwafz,temir daftar,2,3,4,4,4,4,64
uxxjc,boquvchisini yo'qotgan,2,2,4,4,4,4,93
szjxk,ijtimoiy ximoyaga muhtoj oila restor,3,4,4,4,2,2,70
hvaix,yoshlar daftari,2,4,4,2,2,2,70
gaaly,yoshlar daftari,2,3,4,4,2,4,15
alpaf,yolg'iz,4,2,4,3,2,2,46
qsmkm,oliali,2,4,4,3,4,4,80
bwtoe,yoshlar daftari,3,4,4,2,4,3,75
gkrdl,temir daftar,3,2,3,4,2,2,98
icvtz,yoshlar daftari,4,2,3,3,3,2,14
xznre,boquvchisini yo'qotgan,4,3,3,4,3,2,85
zpldo,chin yetim,2,4,2,2,2,4,91
ywfhs,boquvchisini yo'qotgan,2,2,3,3,4,3,26
copsk,oliali,2,3,4,4,2,2,31
ajhhg,ijtimoiy ximoyaga muhtoj oila restor,4,4,4,3,3,3,53
pszwp,yolg'iz,2,2,4,4,2,2,51
nwzgd,ijtimoiy ximoyaga muhtoj oila restor,3,2,2,2,2,2,55
uutqr,oliali,2,3,3,3,4,3,59
zrnuc,yoshlar daftari,4,2,3,2,2,2,36
rebzc,yolg'iz,2,3,2,2,2,4,25
ygliw,boquvchisini yo'qotgan,2,3,2,2,2,2,5
tzzvq,yolg'iz,4,4,3,4,2,2,51
acufj,ijtimoiy ximoyaga muhtoj oila restor,3,3,3,4,4,2,75
haajt,boquvchisini yo'qotgan,3,3,2,2,2,4,32
sabwq,chin yetim,4,3,2,2,4,3,90
twxss,chin yetim,3,2,4,3,2,2,93
fhqhb,yoshlar daftari,2,4,2,4,4,2,62
jsimx,boquvchisini yo'qotgan,2,2,4,4,2,2,8
bbabv,yolg'iz,4,2,2,4,3,3,70
hedkt,temir daftar,2,4,4,4,2,2,56
occkd,yolg'iz,2,2,4,4,2,4,28
ujxjg,yolg'iz,3,4,2,4,3,3,21
uzmdw,yolg'iz,2,4,3,2,4,3,33
pkrwp,yolg'iz,3,4,2,4,2,2,72
oxant,yolg'iz,4,2,2,4,3,3,35
xgxnd,yolg'iz,3,2,4,3,2,2,72
hnsos,yolg'iz,4,2,2,2,2,3,57
qaaps,chin yetim,3,4,2,4,2,4,61
zpuoz,yolg'iz,4,4,2,2,4,4,68
dmlsv,temir daftar,4,2,3,4,3,2,27
stvsj,temir daftar,3,3,3,4,2,3,8
kfbjp,yoshlar daftari,2,2,4,4,4,3,72
tpftb,boquvchisini yo'qotgan,2,4,2,3,2,4,32
eaiqg,temir daftar,2,4,2,4,3,3,54
jeclc,yolg'iz,3,3,3,2,2,3,37
afujq,chin yetim,3,3,2,2,3,3,68
xlfxq,yoshlar daftari,4,3,2,2,3,3,48
dihfe,chin yetim,2,4,4,2,4,2,10
bqzoh,chin yetim,4,3,2,3,4,4,71
cthcs,ijtimoiy ximoyaga muhtoj oila restor,2,2,3,2,4,4,28
wekfx,boquvchisini yo'qotgan,2,3,3,3,2,3,74
lvkai,temir daftar,3,4,3,2,4,2,44
xxxzw,chin yetim,4,2,4,2,2,3,47
zagcl,chin yetim,2,4,2,4,3,2,28
tfucf,yoshlar daftari,4,2,2,3,4,2,12
vjjcy,yolg'iz,4,3,2,2,4,3,30
bhocp,oliali,2,4,2,3,4,2,48
teuam,yolg'iz,3,3,4,4,4,4,65
tbhfx,boquvchisini yo'qotgan,3,2,4,4,4,2,70
shnhy,yolg'iz,3,3,4,3,3,3,57
qdian,ijtimoiy ximoyaga muhtoj oila restor,4,4,2,3,4,3,50
gdyqh,boquvchisini yo'qotgan,2,3,4,2,4,3,88
qfrin,boquvchisini yo'qotgan,4,3,3,2,2,3,58
mfrif,ijtimoiy ximoyaga muhtoj oila restor,2,4,2,3,3,4,76
hehia,yolg'iz,4,3,3,3,3,4,59
sxpyd,oliali,3,4,4,4,2,2,91
txnac,ijtimoiy ximoyaga muhtoj oila restor,3,3,2,4,3,4,21
xygna,chin yetim,2,4,3,3,2,3,87
xzkct,boquvchisini yo'qotgan,3,2,3,2,2,4,49
lixni,yoshlar daftari,3,3,2,2,3,2,64
thtqd,chin yetim,3,4,3,2,2,2,45
kanmf,ijtimoiy ximoyaga muhtoj oila restor,3,3,2,2,3,2,30
bihov,oliali,4,2,3,4,3,3,99
nydnx,yolg'iz,3,4,4,3,4,2,31
cyluf,temir daftar,2,4,2,4,2,3,17
vquko,yolg'iz,3,2,4,3,4,2,89
nynhy,oliali,2,3,3,4,4,3,23
acprw,chin yetim,3,2,4,2,3,2,81
vbtxp,boquvchisini yo'qotgan,3,3,4,4,2,3,55
ftfeq,ijtimoiy ximoyaga muhtoj oila restor,4,3,3,4,3,4,38
loehc,chin yetim,4,3,4,4,2,4,1
onwpx,yolg'iz,4,4,3,2,2,4,88
lftzz,yolg'iz,2,4,4,4,2,2,76
ajqoo,yolg'iz,4,2,2,4,4,3,79
igaxr,chin yetim,4,4,3,4,2,2,49
uvjww,yolg'iz,2,2,3,2,3,3,75
qenmh,temir daftar,4,4,2,3,3,3,93
ellmt,yolg'iz,4,2,4,4,2,2,22
xptdy,chin yetim,3,3,4,2,2,3,89
cywzu,ijtimoiy ximoyaga muhtoj oila restor,4,3,4,2,3,3,65
atlvk,yolg'iz,4,3,4,2,4,2,67
aeoim,yoshlar daftari,4,4,3,4,2,4,41
vnmtj,boquvchisini yo'qotgan,3,4,4,4,4,3,57
wtsci,oliali,4,3,4,2,2,2,7
hucmj,boquvchisini yo'qotgan,4,2,3,2,4,3,91
xldsp,boquvchisini yo'qotgan,4,4,2,2,4,4,55
eivgn,oliali,3,2,2,3,2,4,8
ojvss,chin yetim,2,3,2,3,4,2,46
rjqli,boquvchisini yo'qotgan,2,4,3,4,2,2,98
lrtst,boquvchisini yo'qotgan,4,4,3,2,4,2,70
tjeag,temir daftar,4,2,3,3,4,3,57
ovpke,ijtimoiy ximoyaga muhtoj oila restor,3,4,2,3,4,3,43
bdnij,chin yetim,3,3,3,2,2,3,35
odivm,ijtimoiy ximoyaga muhtoj oila restor,2,3,2,3,2,3,42
dzvuw,oliali,4,4,3,3,3,3,97
uhqjt,yoshlar daftari,4,4,4,4,4,3,79
driga,temir daftar,2,3,4,3,3,4,23
wzvav,yoshlar daftari,4,2,3,4,3,3,83
ynrdh,oliali,4,4,3,2,3,3,6
gtphi,temir daftar,2,2,2,4,4,4,49
ffasf,yoshlar daftari,4,3,3,3,2,2,69
wvdzo,temir daftar,4,3,2,4,2,4,45
tzwwo,chin yetim,4,2,4,4,3,2,0
agadq,boquvchisini yo'qotgan,4,3,2,3,2,2,26
eymnd,boquvchisini yo'qotgan,2,4,2,3,4,3,97
zidbk,oliali,2,2,4,3,4,2,45
vxwsr,boquvchisini yo'qotgan,4,3,2,3,2,2,90
ogvcr,temir daftar,2,2,2,3,4,3,79
mfzul,boquvchisini yo'qotgan,3,3,3,2,4,2,38
bjcxh,yoshlar daftari,3,4,4,3,4,3,77
zcchm,chin yetim,2,2,4,3,2,4,60
pkpim,yolg'iz,2,4,3,2,2,4,16
vmdnz,oliali,3,3,2,2,2,4,85
ssvbh,chin yetim,2,4,4,3,3,4,4
fmffv,yoshlar daftari,3,2,3,3,3,4,88
ywqse,ijtimoiy ximoyaga muhtoj oila restor,3,3,2,2,3,3,18
lbcjk,yoshlar daftari,3,2,2,4,2,2,49
srqvd,oliali,4,2,4,2,3,4,69
wougk,oliali,3,4,2,3,4,4,5
vpihv,boquvchisini yo'qotgan,3,3,3,4,4,2,88
kxmyz,temir daftar,3,4,3,2,3,2,84
yeoza,oliali,3,4,4,4,2,2,36
hutfw,temir daftar,3,2,3,3,3,2,63
mihcv,yolg'iz,2,3,4,3,4,4,33
wufwv,temir daftar,4,2,2,3,2,2,68
dkyfj,chin yetim,4,3,4,3,4,4,19
pjwtz,temir daftar,3,2,4,4,3,2,21
csrpw,boquvchisini yo'qotgan,2,2,4,3,2,3,5
sdeoj,chin yetim,4,3,4,3,2,4,7
axafb,chin yetim,3,3,4,3,4,4,28
rimck,ijtimoiy ximoyaga muhtoj oila restor,4,3,2,3,3,2,53
bqpsf,oliali,3,2,2,2,2,2,87
wyrmb,chin yetim,3,2,3,4,3,4,22
awjsh,boquvchisini yo'qotgan,4,3,4,3,3,3,64
jddox,yolg'iz,2,3,4,2,4,3,19
lszcv,oliali,4,2,2,3,3,4,10
elaud,boquvchisini yo'qotgan,2,2,2,4,4,3,13
zebco,yoshlar daftari,2,4,4,2,3,2,56
bewqn,chin yetim,4,4,2,4,2,2,38
ukhlu,chin yetim,3,2,3,4,2,4,28
rdzha,oliali,2,2,4,3,2,4,11
ehhzj,boquvchisini yo'qotgan,2,3,3,4,4,3,23
jygqv,oliali,3,2,2,2,3,2,71
gebpd,oliali,4,4,4,3,3,3,49
utems,chin yetim,4,4,4,3,4,4,34
gyszx,temir daftar,3,2,3,2,4,3,32
douvu,oliali,3,2,3,4,2,4,35
wrgou,ijtimoiy ximoyaga muhtoj oila restor,2,2,4,4,2,2,58
ilgmg,chin yetim,3,3,2,2,4,2,40
svnkj,temir daftar,2,4,4,3,4,4,65
fczqz,yoshlar daftari,2,2,2,3,3,2,10
kdiiz,yoshlar daftari,4,4,4,4,3,4,46
chcks,yoshlar daftari,4,3,3,3,3,4,39
zvfjb,ijtimoiy ximoyaga muhtoj oila restor,3,4,4,2,4,2,82
gwslg,chin yetim,3,4,2,4,3,3,54
wiaci,chin yetim,4,3,4,2,3,2,9
marvr,boquvchisini yo'qotgan,3,4,4,3,3,3,9
buzmh,oliali,2,4,4,2,3,2,40
sturo,temir daftar,3,4,3,2,2,2,30
reyzi,temir daftar,3,3,4,4,3,4,7
yxptl,ijtimoiy ximoyaga muhtoj oila restor,2,2,4,4,3,4,93
wndpf,yolg'iz,3,3,2,4,3,2,45
kveaf,temir daftar,4,2,4,4,2,3,82
rkxoo,yoshlar daftari,4,2,2,3,2,3,68
gpcov,boquvchisini yo'qotgan,4,3,3,2,4,2,21
jsadg,boquvchisini yo'qotgan,3,3,4,2,4,2,82
igcbl,yolg'iz,4,3,3,2,2,3,93
dkrbz,yolg'iz,2,4,3,4,4,3,34
umrlq,ijtimoiy ximoyaga muhtoj oila restor,3,3,4,2,4,2,5
spsmb,boquvchisini yo'qotgan,4,2,2,3,3,3,17
rwcjc,yolg'iz,2,2,3,4,2,2,35
vkrsh,temir daftar,3,2,3,3,2,4,97
lhmpz,ijtimoiy ximoyaga muhtoj oila restor,3,3,2,3,4,4,32
snofx,temir daftar,2,2,4,2,2,3,68
vrwvv,temir daftar,4,4,4,4,2,2,67
ysqta,yolg'iz,4,2,2,2,2,3,83
unfxs,boquvchisini yo'qotgan,2,2,4,3,3,4,11
costs,boquvchisini yo'qotgan,2,4,2,3,2,3,77
ilnnh,yoshlar daftari,3,2,2,3,2,3,92
yvvdf,yoshlar daftari,4,4,4,3,4,4,5
iefvm,yolg'iz,4,4,2,3,2,4,61
xyiup,temir daftar,3,2,4,4,3,2,80
qtemf,ijtimoiy ximoyaga muhtoj oila restor,2,2,4,2,2,2,61
ttyuq,oliali,2,3,2,2,4,4,15
ozwyh,chin yetim,4,3,2,2,2,3,94
ytfqv,yolg'iz,4,3,3,2,3,4,84
ohgad,chin yetim,2,2,2,2,2,4,85
rtljx,chin yetim,3,2,2,2,3,4,76
crcip,boquvchisini yo'qotgan,3,3,2,4,3,4,63
bacey,temir daftar,2,3,4,4,3,4,90
uelbn,ijtimoiy ximoyaga muhtoj oila restor,2,4,3,3,4,4,6
yytkh,oliali,3,2,3,3,2,3,54
gnkqe,boquvchisini yo'qotgan,4,3,2,4,4,4,87
amivp,yolg'iz,4,4,3,4,2,3,19
cvvqi,chin yetim,2,4,2,2,3,4,91
tsdbc,boquvchisini yo'qotgan,4,3,2,4,3,4,73
zosxz,oliali,4,3,3,4,2,4,16
gpabx,boquvchisini yo'qotgan,3,3,2,4,4,2,81
pnmba,yolg'iz,4,3,3,4,2,4,21
ettkc,ijtimoiy ximoyaga muhtoj oila restor,4,4,4,4,4,4,80
yqfdy,oliali,3,3,3,3,4,4,57
ntudy,oliali,3,2,4,2,4,3,61
irjad,oliali,2,2,2,2,2,4,1
zkuuw,ijtimoiy ximoyaga muhtoj oila restor,3,3,2,4,2,3,22
dbtai,yolg'iz,3,2,2,3,4,2,95
itumj,chin yetim,3,2,4,4,2,3,12
yjqem,ijtimoiy ximoyaga muhtoj oila restor,4,2,2,3,2,2,65
vmame,temir daftar,3,4,3,4,4,4,42
dvrls,yoshlar daftari,2,3,4,4,4,3,64
vfxyp,boquvchisini yo'qotgan,4,3,3,4,2,4,85
dysvj,temir daftar,2,4,3,3,4,4,58
yrsnj,temir daftar,3,4,4,4,2,4,5
cekcb,ijtimoiy ximoyaga muhtoj oila restor,3,4,4,3,4,3,69
gyett,boquvchisini yo'qotgan,4,2,3,4,2,3,36
ayopo,yoshlar daftari,3,4,2,2,2,2,62
oymoa,yoshlar daftari,2,2,2,4,3,3,9
ncfae,yolg'iz,3,4,2,2,2,3,84
scnaz,boquvchisini yo'qotgan,3,4,2,2,2,3,71
bhhfj,yoshlar daftari,3,2,3,2,4,3,42
aqnyl,oliali,2,3,2,4,4,2,73
tgewf,boquvchisini yo'qotgan,2,4,2,3,4,2,0
medjm,temir daftar,4,3,3,4,4,4,59
umtzg,oliali,4,4,4,4,3,2,78
lryuc,chin yetim,4,3,3,4,3,3,4
eybha,chin yetim,2,2,4,2,2,2,95
pwpwg,chin yetim,3,4,3,3,4,4,18
wppcc,oliali,3,4,4,3,2,4,67
bysfd,yolg'iz,4,3,4,4,3,2,63
jkzce,ijtimoiy ximoyaga muhtoj oila restor,3,3,4,4,4,3,98
eaowx,boquvchisini yo'qotgan,3,2,3,2,2,4,27
wafnz,oliali,3,3,3,2,2,2,36
rzpqh,yolg'iz,2,3,2,4,3,3,8
dsaki,yoshlar daftari,2,2,3,4,3,4,26
hxhue,boquvchisini yo'qotgan,2,4,3,4,2,2,3
oxvxr,yolg'iz,2,4,2,3,4,4,27
lbfkt,boquvchisini yo'qotgan,4,3,2,4,4,3,96
bgsli,oliali,2,4,3,3,3,4,76
ovysx,ijtimoiy ximoyaga muhtoj oila restor,4,3,2,4,3,4,68
xzzyl,boquvchisini yo'qotgan,3,3,4,4,2,3,21
dzewo,oliali,3,2,4,2,3,2,17
ixowo,oliali,3,4,3,2,3,4,87
ssdqm,ijtimoiy ximoyaga muhtoj oila restor,4,4,2,3,2,4,12
mgyel,chin yetim,2,2,4,2,3,4,63
jzovu,boquvchisini yo'qotgan,2,2,3,4,3,3,67
vavhu,oliali,3,2,3,4,4,2,2
qpejn,chin yetim,2,4,2,3,4,2,74
baejx,ijtimoiy ximoyaga muhtoj oila restor,2,2,4,3,3,2,45
duyyt,temir daftar,2,3,2,4,3,3,78
kvbsa,yolg'iz,4,4,2,2,4,2,19
qvfeq,boquvchisini yo'qotgan,3,4,4,3,3,2,10
jrigp,yoshlar daftari,4,3,4,2,3,4,8
kmhxa,chin yetim,4,4,2,4,4,4,33
mltlo,ijtimoiy ximoyaga muhtoj oila restor,4,2,3,3,3,4,66
cgsxf,yoshlar daftari,4,4,3,4,3,2,7
cahoh,chin yetim,3,3,3,4,3,3,76
mlygp,boquvchisini yo'qotgan,4,2,3,3,4,2,37
xaawg,ijtimoiy ximoyaga muhtoj oila restor,3,3,3,2,4,3,77
cvffd,chin yetim,3,4,2,2,4,3,99
ittoz,ijtimoiy ximoyaga muhtoj oila restor,3,2,2,3,4,2,34
eorfg,ijtimoiy ximoyaga muhtoj oila restor,2,4,2,3,2,2,33
ctela,yolg'iz,3,4,3,2,4,3,4
xtzed,boquvchisini yo'qotgan,3,2,3,3,4,2,77
ryqqh,oliali,4,3,2,3,2,3,72
nanok,yoshlar daftari,2,2,3,3,2,2,19
fsfkx,yolg'iz,2,2,4,4,3,3,64
qanfx,yolg'iz,3,2,2,3,4,4,19
dxcfd,yolg'iz,2,3,3,2,4,4,28
xfsvu,temir daftar,3,4,3,2,4,2,96
ijmpl,yolg'iz,4,2,3,3,4,4,44
rhzba,ijtimoiy ximoyaga muhtoj oila restor,2,2,3,2,4,4,94
eioyw,yoshlar daftari,4,4,2,4,4,3,14
jpzxv,boquvchisini yo'qotgan,2,4,4,2,3,2,77
lrxnd,yoshlar daftari,2,3,4,2,4,3,14
cbnit,boquvchisini yo'qotgan,4,2,3,4,4,4,71
manjb,ijtimoiy ximoyaga muhtoj oila restor,2,4,3,2,3,3,7
ntxes,ijtimoiy ximoyaga muhtoj oila restor,3,2,2,3,3,2,93
bdrph,chin yetim,4,4,3,4,4,3,46
wkpkn,boquvchisini yo'qotgan,4,2,3,3,4,4,79
dnlnm,yoshlar daftari,2,2,2,4,4,4,72
ifhtf,chin yetim,2,3,3,4,3,3,56
jfedk,ijtimoiy ximoyaga muhtoj oila restor,4,3,3,4,3,3,98
pkuhu,temir daftar,2,2,4,4,2,2,64
bllcn,yolg'iz,4,2,3,2,4,4,29
saeto,chin yetim,4,2,4,2,4,2,36
qztdl,yoshlar daftari,3,2,3,4,4,3,62
cwwqw,temir daftar,4,2,3,3,4,3,63
qzifw,yolg'iz,4,2,2,3,2,3,83
ljsgy,temir daftar,3,2,2,3,4,4,88
mzzkr,ijtimoiy ximoyaga muhtoj oila restor,2,4,3,4,2,4,2
kesby,chin yetim,3,2,2,4,3,3,33
brcfv,ijtimoiy ximoyaga muhtoj oila restor,3,4,4,4,4,4,70
wrqbj,yoshlar daftari,4,2,3,3,3,4,89
lirwp,boquvchisini yo'qotgan,3,2,4,4,3,2,2
mayfn,boquvchisini yo'qotgan,3,2,3,3,3,2,19
yifvc,chin yetim,3,2,4,4,3,3,79
hafxn,yolg'iz,4,4,2,3,2,2,8
ymdkd,chin yetim,4,2,2,4,4,3,72
kcqzq,boquvchisini yo'qotgan,2,4,4,3,4,2,95
rqave,temir daftar,4,4,4,2,3,3,38
ekkac,ijtimoiy ximoyaga muhtoj oila restor,2,3,4,3,2,2,36
wmvfh,ijtimoiy ximoyaga muhtoj oila restor,2,3,4,3,4,4,77
ejrds,yolg'iz,2,2,4,4,3,3,66
rxztu,oliali,3,4,3,2,2,4,95
yifyq,chin yetim,2,3,2,3,3,3,24
eggrp,oliali,4,4,4,3,4,2,63
iqyqo,chin yetim,3,2,2,2,3,3,4
cojaf,yoshlar daftari,4,3,3,2,3,4,34
fbpzc,ijtimoiy ximoyaga muhtoj oila restor,2,2,4,4,4,4,87
gxgxd,boquvchisini yo'qotgan,3,4,4,4,4,3,81
nyqfd,yolg'iz,4,2,2,4,4,2,84
qiqdw,temir daftar,4,4,2,2,3,2,84
sszkk,ijtimoiy ximoyaga muhtoj oila restor,2,3,4,4,2,2,16
yzbxp,yolg'iz,4,2,4,2,4,4,9
fhohk,yoshlar daftari,4,4,3,2,2,3,66
aehqu,yolg'iz,2,2,2,4,2,2,2
vtwke,oliali,4,4,2,3,2,3,52
rceri,chin yetim,3,2,2,3,4,2,54
yerat,yolg'iz,3,3,4,3,2,4,94
ttnfp,yolg'iz,4,4,2,2,3,4,67
ugoei,chin yetim,2,2,3,2,2,3,24
pfpua,chin yetim,4,4,4,4,4,3,57
fejpc,yoshlar daftari,4,2,3,3,2,4,42
djuii,boquvchisini yo'qotgan,2,2,4,3,2,3,57
vkfpy,boquvchisini yo'qotgan,2,4,4,2,4,2,18
hwvbx,temir daftar,2,4,4,4,3,3,66
ojzep,boquvchisini yo'qotgan,3,2,4,2,3,2,82
fcqmp,oliali,2,2,4,4,4,2,30
fpmpd,temir daftar,2,4,3,3,3,4,66
eduao,boquvchisini yo'qotgan,4,3,3,3,3,2,7
ntdjf,yoshlar daftari,2,2,3,3,3,3,94
ssecn,chin yetim,3,2,2,3,2,4,33
pwcmd,ijtimoiy ximoyaga muhtoj oila restor,3,4,2,2,3,3,63
nbqcd,oliali,4,2,4,4,3,3,40
iyehz,oliali,2,4,4,3,4,3,71
erqyw,ijtimoiy ximoyaga muhtoj oila restor,4,2,3,2,4,4,63
npgig,yoshlar daftari,4,2,3,2,3,3,26
vumai,yolg'iz,3,3,4,3,3,3,20
ryyhu,ijtimoiy ximoyaga muhtoj oila restor,4,3,3,2,4,4,92
gfxgh,yoshlar daftari,3,4,3,4,3,4,39
ewnkz,oliali,3,2,4,3,4,4,10
hziaj,boquvchisini yo'qotgan,4,2,3,4,4,4,63
csowo,yoshlar daftari,4,4,4,3,4,3,75
gnhup,chin yetim,4,3,2,2,4,4,95
wzlyn,temir daftar,3,4,4,2,4,2,51
ouuqv,ijtimoiy ximoyaga muhtoj oila restor,2,4,2,3,4,3,36
mivnk,oliali,2,4,4,2,4,4,88
seafd,yolg'iz,4,3,2,2,4,2,82
jvdqa,chin yetim,4,4,3,3,3,4,48
quewo,yoshlar daftari,2,3,3,2,3,3,30
xhagq,ijtimoiy ximoyaga muhtoj oila restor,2,2,2,4,4,3,56
zjjpo,ijtimoiy ximoyaga muhtoj oila restor,2,3,2,2,2,2,36
jfcln,yoshlar daftari,3,3,2,4,3,4,64
khksj,yoshlar daftari,2,2,2,4,2,2,54
zgzpz,chin yetim,4,4,4,3,4,4,91
hnqtr,ijtimoiy ximoyaga muhtoj oila restor,4,3,2,4,2,3,31
dswlw,ijtimoiy ximoyaga muhtoj oila restor,3,3,2,2,4,2,81
ngvsg,temir daftar,3,4,2,2,4,4,54
jpkwo,temir daftar,2,4,4,2,4,3,76
jprgt,yolg'iz,2,3,3,3,3,3,6
mprmj,yoshlar daftari,2,2,3,4,4,4,37
nrgib,boquvchisini yo'qotgan,2,2,3,2,2,2,14
ysfcj,boquvchisini yo'qotgan,4,4,2,4,3,3,30
dcykw,temir daftar,4,3,2,4,4,3,99
zqfdx,chin yetim,4,2,2,3,2,3,18
fvivk,chin yetim,3,3,3,2,4,4,97
tidss,oliali,2,2,4,4,4,4,45
kaxte,oliali,3,2,2,4,4,2,41
bvzlp,yoshlar daftari,3,4,3,3,4,2,74
kqipg,temir daftar,4,4,4,4,4,2,20
javqz,ijtimoiy ximoyaga muhtoj oila restor,2,4,3,2,3,4,43
xhpiv,chin yetim,4,2,4,4,4,2,8
jwlxz,chin yetim,4,3,2,2,4,3,30
jlfsf,yolg'iz,3,2,3,4,3,3,16
kerhg,ijtimoiy ximoyaga muhtoj oila restor,2,3,4,4,2,3,6
lzpwo,temir daftar,3,4,4,3,4,3,61
jrgha,chin yetim,4,4,3,2,3,3,87
hxpgk,oliali,3,3,4,3,2,4,19
napzs,chin yetim,3,3,3,4,4,4,17
obote,boquvchisini yo'qotgan,3,3,4,3,4,2,23
fzgdy,chin yetim,2,4,2,4,2,3,80
yejmg,yolg'iz,3,4,2,3,3,3,8
wxmrx,oliali,2,3,4,2,4,3,37
epagj,yolg'iz,2,3,3,4,2,4,61
kcxma,ijtimoiy ximoyaga muhtoj oila restor,4,4,4,3,2,4,31
mjbae,chin yetim,3,3,2,2,4,4,4
xjvlm,temir daftar,3,2,2,3,4,2,7
dhzpv,yolg'iz,3,2,2,3,2,4,62
jvext,oliali,3,3,2,4,3,3,38
cneig,boquvchisini yo'qotgan,2,3,2,4,2,2,54
ffnui,ijtimoiy ximoyaga muhtoj oila restor,4,2,2,3,2,2,93
xprnz,oliali,2,4,4,3,2,3,42
inulk,oliali,4,4,4,2,2,2,63
nahgq,chin yetim,3,4,2,3,2,3,21
thxvo,ijtimoiy ximoyaga muhtoj oila restor,3,4,4,2,2,4,27
koehi,temir daftar,2,3,4,4,4,2,66
fpfdz,temir daftar,2,4,2,4,4,3,46
jztrp,yolg'iz,3,3,4,3,2,4,58
mocjl,oliali,4,4,4,3,3,4,18
tpbho,chin yetim,4,4,4,4,3,4,11
gcuer,chin yetim,2,4,4,3,2,3,35
vmjom,yolg'iz,2,2,4,3,3,4,71
etwqz,ijtimoiy ximoyaga muhtoj oila restor,3,4,4,2,2,4,2
hbwrd,ijtimoiy ximoyaga muhtoj oila restor,2,4,3,2,2,4,68
mjjek,chin yetim,3,2,2,4,3,4,85
jwwrv,temir daftar,2,3,4,3,4,2,60
nirtx,yolg'iz,4,2,2,4,3,2,52
kggmn,yoshlar daftari,4,3,3,3,4,4,59
grtaq,yoshlar daftari,3,4,3,3,3,2,60
xywso,boquvchisini yo'qotgan,3,3,2,4,3,4,10
pawcn,temir daftar,4,3,2,4,3,4,13
eckvq,temir daftar,2,4,2,3,4,2,41
uapfr,temir daftar,4,4,4,4,2,4,53
mwhnp,yolg'iz,3,4,3,4,3,4,14
tznxv,yolg'iz,4,4,2,3,3,3,59
kknow,oliali,3,2,2,2,3,3,99
vixxa,oliali,3,4,2,2,4,2,81
iflzy,boquvchisini yo'qotgan,2,3,4,2,3,4,85
mxjke,chin yetim,4,2,3,2,4,4,0
fqzrp,oliali,4,3,3,3,3,3,25
wzsti,ijtimoiy ximoyaga muhtoj oila restor,3,2,3,3,2,4,89
xohes,boquvchisini yo'qotgan,4,4,4,3,3,2,66
ukuwx,chin yetim,4,3,2,3,3,4,48
sqxrw,ijtimoiy ximoyaga muhtoj oila restor,3,3,4,4,3,4,51
jwjcw,yolg'iz,3,4,3,2,4,2,54
fddeg,chin yetim,3,3,4,4,2,2,81
uqlgp,chin yetim,4,4,4,3,2,3,97
mskdr,yoshlar daftari,4,3,2,4,4,2,92
wlnpt,temir daftar,2,3,4,2,4,3,11
bzhwb,yoshlar daftari,2,2,4,4,2,2,62
paril,boquvchisini yo'qotgan,4,3,4,4,3,3,22
wojrz,ijtimoiy ximoyaga muhtoj oila restor,4,2,2,3,4,4,15
ineul,yoshlar daftari,4,3,3,4,3,4,18
ehokh,yoshlar daftari,3,2,2,2,3,2,12
afxgi,yolg'iz,2,2,4,3,2,4,76
dfwou,yolg'iz,4,2,4,2,3,2,48
gzkst,oliali,4,2,3,4,4,2,10
hjbfy,chin yetim,2,4,4,3,2,3,2
hzmgk,yoshlar daftari,4,2,4,4,4,3,41
pwhkr,yolg'iz,3,4,2,3,4,4,15
xehxh,boquvchisini yo'qotgan,4,4,3,3,4,3,31
rieqg,temir daftar,3,2,4,2,3,3,63
cwjqu,yoshlar daftari,4,3,3,3,4,4,30
jozwf,ijtimoiy ximoyaga muhtoj oila restor,3,3,3,2,3,4,80
jyztf,ijtimoiy ximoyaga muhtoj oila restor,3,3,4,2,3,4,28
hfqsz,chin yetim,3,3,3,4,3,4,29
sblwu,yolg'iz,3,4,2,3,4,3,99
klmac,yoshlar daftari,4,4,4,2,2,3,22
szuwy,boquvchisini yo'qotgan,4,3,2,3,2,2,94
tfebf,yolg'iz,3,4,4,4,2,3,19
xpupg,ijtimoiy ximoyaga muhtoj oila restor,4,2,4,2,3,2,19
cshcn,boquvchisini yo'qotgan,2,3,3,3,2,3,64
uxdfe,yoshlar daftari,2,4,4,3,2,3,15
vyybm,temir daftar,2,4,4,3,4,4,24
cseav,yolg'iz,3,3,4,4,3,2,95
vzreh,yoshlar daftari,3,3,3,3,2,4,36
ilskb,ijtimoiy ximoyaga muhtoj oila restor,2,3,3,2,2,4,52
prbll,ijtimoiy ximoyaga muhtoj oila restor,2,2,2,3,3,3,33
zinev,chin yetim,4,4,4,3,2,4,72
kkzlt,yoshlar daftari,4,2,2,3,2,4,31
spjdg,yoshlar daftari,4,3,3,2,3,4,13
knwon,ijtimoiy ximoyaga muhtoj oila restor,3,3,3,3,2,2,3
bqeqy,yolg'iz,2,4,4,3,4,3,61
cphkq,chin yetim,3,3,4,4,3,2,19
uafsr,yoshlar daftari,2,3,3,2,2,4,17
xscdj,temir daftar,2,3,2,2,4,4,98
douta,oliali,2,4,2,4,3,3,20
ahveq,chin yetim,3,2,3,4,2,2,45
iusmh,temir daftar,3,4,3,2,2,2,98
nouop,boquvchisini yo'qotgan,3,3,2,4,3,4,85
bxzlu,yoshlar daftari,4,3,4,2,4,3,49
jwalg,yolg'iz,4,2,4,3,4,4,31
nnoud,yoshlar daftari,2,2,2,3,2,2,3
yeeah,temir daftar,3,2,3,2,4,3,36
vipla,oliali,2,2,2,3,4,2,25
jmuel,chin yetim,2,2,3,2,4,3,79
kxfrv,boquvchisini yo'qotgan,2,4,4,4,2,2,34
cjelv,yoshlar daftari,2,4,4,4,3,4,15
cqglo,boquvchisini yo'qotgan,2,3,3,4,3,4,16
kaewn,temir daftar,4,2,4,4,4,2,8
tshmn,ijtimoiy ximoyaga muhtoj oila restor,2,2,3,4,4,2,78
jmxku,chin yetim,3,2,4,4,2,4,52
kcgsm,chin yetim,3,4,4,3,2,2,63
ofyoe,chin yetim,4,2,3,2,4,2,27
jbwww,boquvchisini yo'qotgan,3,3,4,3,4,2,85
uxtek,yoshlar daftari,2,3,3,2,2,2,29
znbzk,chin yetim,3,4,3,2,2,2,73
ijeeq,yolg'iz,2,2,4,4,3,4,57
tvjfp,temir daftar,2,2,4,3,4,2,19
lhrdb,yoshlar daftari,4,4,2,4,3,4,65
akbhn,temir daftar,3,2,4,4,4,3,5
mjxmh,yoshlar daftari,3,4,2,2,4,4,55
bnqrh,oliali,3,4,2,3,3,4,54
euopw,boquvchisini yo'qotgan,3,4,4,2,3,3,99
paqhj,ijtimoiy ximoyaga muhtoj oila restor,3,3,2,2,3,3,40
vsstk,chin yetim,2,3,3,3,3,4,2
slmvt,temir daftar,2,2,2,4,4,4,99
ovrsx,yolg'iz,2,3,3,4,2,2,93
mdeyx,temir daftar,2,4,4,3,4,2,92
dtdzy,boquvchisini yo'qotgan,2,4,4,3,4,2,59
mcinx,boquvchisini yo'qotgan,3,3,2,2,2,3,42
dhcdh,oliali,4,3,3,3,4,3,34
jgdqj,ijtimoiy ximoyaga muhtoj oila restor,4,4,4,2,2,2,62
faxmt,temir daftar,3,3,2,3,4,3,71
jmgmk,yolg'iz,3,2,3,3,4,3,33
gztoa,oliali,3,3,4,3,2,3,68
uyjgu,yoshlar daftari,4,2,4,4,2,4,33
vlnay,ijtimoiy ximoyaga muhtoj oila restor,2,4,2,2,4,3,53
jfrvm,temir daftar,2,3,2,2,4,2,72
cencf,yoshlar daftari,4,3,2,3,2,3,80
qmrzm,ijtimoiy ximoyaga muhtoj oila restor,3,4,4,4,4,2,64
lpqco,oliali,4,4,2,3,2,3,36
qjpad,chin yetim,4,2,4,2,3,2,60
pihjg,yoshlar daftari,4,3,3,2,4,4,91
abudq,temir daftar,4,3,3,3,3,4,26
fazsz,ijtimoiy ximoyaga muhtoj oila restor,3,2,2,4,4,3,88
saleh,chin yetim,3,2,3,2,3,2,86
lxlqj,boquvchisini yo'qotgan,2,4,2,4,2,4,69
dbgfa,oliali,4,3,4,4,2,3,87
rfphu,boquvchisini yo'qotgan,4,4,3,2,3,4,10
amdfl,oliali,4,3,2,2,4,3,58
tturx,ijtimoiy ximoyaga muhtoj oila restor,2,2,4,4,2,2,34
bhiqd,chin yetim,4,4,4,3,2,3,16
oesme,ijtimoiy ximoyaga muhtoj oila restor,3,2,3,4,4,3,13
tckzd,oliali,3,4,3,3,4,3,21
uayto,yolg'iz,4,3,3,4,2,2,25
ttrba,chin yetim,2,2,2,3,3,2,99
ycxoz,oliali,3,3,2,4,2,4,91
slkkt,chin yetim,4,4,4,4,2,3,97
rajit,boquvchisini yo'qotgan,3,3,4,2,4,4,62
ryerv,yoshlar daftari,4,4,4,4,2,2,49
kymyp,ijtimoiy ximoyaga muhtoj oila restor,3,3,4,2,2,2,50
besui,yolg'iz,3,2,3,4,2,3,97
ylqhc,chin yetim,2,2,2,2,2,2,45
hxypj,temir daftar,4,4,3,3,2,2,73
rsbzm,boquvchisini yo'qotgan,3,3,2,2,3,2,76
wfozp,temir daftar,4,4,2,2,4,4,98
jmdkp,chin yetim,2,4,4,4,4,2,59
kmpki,yolg'iz,2,2,4,4,4,3,20
pqqiu,chin yetim,3,2,4,3,3,2,20
eabsn,yoshlar daftari,4,3,2,4,2,3,47
hdqhq,boquvchisini yo'qotgan,4,3,2,3,3,4,2
rhnmx,oliali,3,4,2,2,4,4,36
zqbhk,boquvchisini yo'qotgan,2,2,4,4,3,2,6
dzych,yolg'iz,4,3,4,2,2,3,62
zgxyt,boquvchisini yo'qotgan,4,2,3,2,3,3,9
pjewf,ijtimoiy ximoyaga muhtoj oila restor,2,4,2,2,4,3,89
chkrq,boquvchisini yo'qotgan,3,3,4,4,2,2,25
vmnjq,yoshlar daftari,2,3,3,2,3,4,60
qykqi,yolg'iz,2,3,3,3,3,2,8
sbcrp,ijtimoiy ximoyaga muhtoj oila restor,4,3,2,4,3,4,23
bqdut,temir daftar,4,2,2,3,3,3,42
qrsqj,yolg'iz,4,2,3,3,3,4,69
cfyrg,yolg'iz,3,4,3,2,3,4,14
pfvmq,yolg'iz,3,4,4,3,4,4,41
jbtcs,ijtimoiy ximoyaga muhtoj oila restor,4,3,3,2,3,3,69
kjdfw,temir daftar,3,4,2,3,2,2,58
kcyzp,chin yetim,4,3,2,3,3,3,27
aqcqj,temir daftar,4,2,3,2,2,4,7
estec,yolg'iz,4,4,3,4,3,2,0
gpsoy,boquvchisini yo'qotgan,3,4,3,2,4,3,62
skpiu,temir daftar,3,4,3,3,2,2,54
tllng,boquvchisini yo'qotgan,4,4,3,2,2,2,51
buysx,yolg'iz,2,3,4,4,3,2,82
ssnsf,ijtimoiy ximoyaga muhtoj oila restor,4,2,3,2,3,3,73
nwnpg,temir daftar,3,3,3,4,3,2,36
qhfgk,yolg'iz,3,4,2,4,2,4,70
ugnqa,chin yetim,4,4,3,4,2,2,31
jhpfb,boquvchisini yo'qotgan,2,3,3,3,2,2,36
fnlts,yolg'iz,3,2,2,2,3,4,59
mnzpi,temir daftar,4,4,3,4,2,4,10
tjvjl,ijtimoiy ximoyaga muhtoj oila restor,3,2,4,2,2,4,76
lspmm,boquvchisini yo'qotgan,3,3,3,2,2,3,95
fzhor,temir daftar,3,2,3,2,3,2,19
vvuny,boquvchisini yo'qotgan,2,3,2,3,2,4,24
elzhs,yolg'iz,4,2,2,3,3,2,68
risxr,yoshlar daftari,3,3,4,2,2,4,27
ozvzr,yoshlar daftari,3,4,2,2,2,2,70
ddxjp,ijtimoiy ximoyaga muhtoj oila restor,4,4,2,3,2,2,86
eymcd,chin yetim,4,2,4,3,2,4,21
ajzyh,oliali,3,3,2,3,2,3,3
guoxr,yoshlar daftari,3,2,4,4,3,4,86
cpukm,yolg'iz,4,4,3,2,3,4,34
ycvnn,ijtimoiy ximoyaga muhtoj oila restor,4,3,4,3,4,2,18
qwepb,yoshlar daftari,4,3,3,4,3,4,15
sjzbb,ijtimoiy ximoyaga muhtoj oila restor,2,4,4,2,2,2,68
xtqfh,chin yetim,4,4,2,4,4,4,41
ebjel,yoshlar daftari,4,4,2,2,3,4,8
vqczb,yoshlar daftari,4,2,3,4,4,2,32
avtvo,temir daftar,2,4,2,3,2,2,18
ddtgh,ijtimoiy ximoyaga muhtoj oila restor,4,3,4,4,2,3,91
enqvk,boquvchisini yo'qotgan,3,3,3,2,4,2,37
oacft,ijtimoiy ximoyaga muhtoj oila restor,4,2,2,2,4,3,33
kbhfp,oliali,2,4,4,3,2,2,82
chrhi,oliali,4,4,3,2,2,4,71
fkxnz,ijtimoiy ximoyaga muhtoj oila restor,4,3,2,4,2,4,28
hxajz,yoshlar daftari,4,4,3,3,3,3,69
krrht,yoshlar daftari,2,4,4,3,4,3,69
sloie,ijtimoiy ximoyaga muhtoj oila restor,4,3,2,2,2,3,75
nrkmz,ijtimoiy ximoyaga muhtoj oila restor,4,4,3,3,4,2,73
buqnx,ijtimoiy ximoyaga muhtoj oila restor,3,2,3,3,2,4,0
lufwg,oliali,4,2,3,3,2,2,74
pwyyv,yolg'iz,4,4,3,4,2,4,0
ehucd,yolg'iz,2,4,3,4,4,2,95
pysuy,yolg'iz,2,2,3,3,4,2,53
dtqpj,chin yetim,4,2,4,3,2,3,79
lbqcm,yoshlar daftari,3,3,4,4,4,3,98
lmbds,boquvchisini yo'qotgan,4,3,4,3,3,2,66
cxosu,boquvchisini yo'qotgan,2,3,3,2,4,4,32
xewju,boquvchisini yo'qotgan,2,4,3,2,3,3,83
zxubi,boquvchisini yo'qotgan,2,3,2,2,3,2,15
pvduj,boquvchisini yo'qotgan,2,2,2,4,3,4,79
hsswa,yolg'iz,2,4,3,3,4,4,89
yybdi,boquvchisini yo'qotgan,2,4,3,2,2,2,57
dhmct,chin yetim,2,4,3,2,2,2,58
qtvjk,temir daftar,3,4,3,3,2,4,60
kwfto,boquvchisini yo'qotgan,3,2,4,4,4,3,54
phwoq,chin yetim,4,2,3,2,2,3,28
akyyy,chin yetim,4,3,2,3,2,4,48
hoiam,oliali,3,3,3,4,3,2,41
rytzu,chin yetim,3,3,4,4,2,2,50
qkbbe,boquvchisini yo'qotgan,3,2,3,4,2,2,47
eiluz,yoshlar daftari,2,4,2,2,2,2,24
xxcsc,temir daftar,3,4,2,2,3,2,73
uajox,temir daftar,4,3,2,2,4,4,40
edkjc,temir daftar,2,3,4,4,4,3,51
aiibu,yolg'iz,2,3,4,3,4,3,37
rhkai,yolg'iz,4,3,3,2,3,2,60
uwcfi,boquvchisini yo'qotgan,3,4,4,2,3,2,4
oyzqp,boquvchisini yo'qotgan,2,2,2,4,2,4,6
bjuuh,oliali,2,3,3,4,2,2,70
ekllf,ijtimoiy ximoyaga muhtoj oila restor,2,4,4,3,3,2,78
aftjj,oliali,3,3,3,3,2,3,76
andpn,chin yetim,3,2,3,2,4,3,37
jahim,boquvchisini yo'qotgan,2,3,2,2,3,3,9
fuiuu,temir daftar,2,4,2,3,3,2,77
qgqsc,temir daftar,4,2,3,3,4,2,63
rvjso,boquvchisini yo'qotgan,3,2,3,3,2,4,10
wdkss,yolg'iz,4,2,4,3,2,3,4
ttwwz,boquvchisini yo'qotgan,2,2,2,3,3,4,28
mhdna,yoshlar daftari,2,2,3,3,2,2,53
osqjp,oliali,2,4,3,3,3,2,78
xmyrb,ijtimoiy ximoyaga muhtoj oila restor,4,4,3,3,2,4,7
xfbzn,boquvchisini yo'qotgan,3,2,2,2,3,4,9
lelvv,oliali,3,2,2,4,4,2,12
nzgts,boquvchisini yo'qotgan,3,3,4,2,4,3,72
sdqmj,ijtimoiy ximoyaga muhtoj oila restor,3,2,2,2,2,3,45
oagbv,ijtimoiy ximoyaga muhtoj oila restor,3,3,4,2,3,3,16
fcuvz,temir daftar,3,4,3,4,2,3,98
nokmf,oliali,4,3,2,2,3,4,14
tbrtm,chin yetim,3,2,2,3,2,2,65
nurhz,oliali,2,3,2,4,4,4,56
luwvf,boquvchisini yo'qotgan,3,4,4,4,2,3,77
szcbq,boquvchisini yo'qotgan,4,3,3,2,3,4,70
gmznj,yoshlar daftari,3,2,2,4,3,2,0
tfujg,yoshlar daftari,4,4,4,4,4,4,26
czlos,ijtimoiy ximoyaga muhtoj oila restor,3,4,2,2,4,3,10
kmqtx,ijtimoiy ximoyaga muhtoj oila restor,3,3,4,4,4,2,18
kxwge,ijtimoiy ximoyaga muhtoj oila restor,2,3,4,4,2,2,87
basvy,temir daftar,4,4,4,4,2,3,28
ezgyh,ijtimoiy ximoyaga muhtoj oila restor,4,2,2,2,4,3,70
cgbvk,yoshlar daftari,3,3,3,4,4,4,22
paots,yolg'iz,2,3,4,4,3,4,12
ygbew,oliali,2,4,3,3,2,4,99
oxdul,temir daftar,4,2,2,4,2,3,97
vojxo,chin yetim,4,2,3,3,3,4,2
rlmml,yolg'iz,2,4,2,4,3,2,64
xsxnj,yolg'iz,2,4,4,2,3,4,66
zmuup,temir daftar,4,2,3,2,2,4,12
wnfdr,yoshlar daftari,3,2,2,3,4,2,52
jcnqb,temir daftar,4,4,4,3,3,4,46
zqxap,yolg'iz,3,2,4,4,4,2,25
ajepb,oliali,3,2,4,2,4,3,81
nlkvi,boquvchisini yo'qotgan,3,4,4,3,3,4,51
rpzkh,yolg'iz,3,2,4,2,2,2,92
csphl,boquvchisini yo'qotgan,4,2,3,4,3,4,97
snclz,boquvchisini yo'qotgan,3,4,3,2,3,4,76
rmrzf,temir daftar,3,3,4,4,3,3,70
ufmgd,chin yetim,2,4,2,2,4,4,2
wgplc,temir daftar,3,4,4,3,2,4,41
bceuk,oliali,2,4,4,2,3,2,90
rgbzz,chin yetim,4,3,2,2,2,3,22
hxyat,yoshlar daftari,2,4,2,3,3,2,59
pocrb,yolg'iz,3,2,4,4,3,2,45
eogwq,oliali,4,2,4,4,4,2,21
xfjxk,chin yetim,2,4,2,4,4,3,0
mdvak,yolg'iz,4,2,3,4,4,3,61
kdfzg,oliali,2,3,3,3,4,3,10
jecpi,yolg'iz,2,3,4,2,2,4,54
znxza,yolg'iz,3,3,3,3,4,2,67
bryvi,yoshlar daftari,3,3,3,4,4,2,59
xffve,yoshlar daftari,4,4,3,4,3,4,74
qvqhn,chin yetim,3,4,3,3,4,4,55
gtgww,yoshlar daftari,2,3,3,3,2,2,61
tiubw,oliali,2,4,3,4,2,4,16
ufwcu,yolg'iz,3,2,2,2,4,2,63
frita,yolg'iz,3,4,2,2,3,3,17
xmpsr,yoshlar daftari,3,4,4,3,3,3,52
wzzai,yolg'iz,3,3,4,4,3,2,89
rttpe,yolg'iz,3,4,2,3,2,2,3
pkbnv,yoshlar daftari,2,2,2,3,4,2,81
tgmem,boquvchisini yo'qotgan,2,4,4,3,3,3,46
vjfpo,oliali,4,2,4,4,3,3,62
woudj,ijtimoiy ximoyaga muhtoj oila restor,2,3,3,4,3,3,50
ilkvw,oliali,4,2,2,3,3,2,10
hqoch,temir daftar,2,4,2,2,2,3,99
lkxzx,yoshlar daftari,2,3,2,2,2,2,9
slkgz,yolg'iz,2,4,2,3,3,4,8
fjftn,chin yetim,3,4,2,2,2,4,30
nozrb,temir daftar,4,4,4,2,4,4,90
gcjck,boquvchisini yo'qotgan,2,3,3,2,4,4,6
vkmnt,oliali,3,4,2,4,3,3,82
sfnqk,ijtimoiy ximoyaga muhtoj oila restor,2,3,2,3,2,2,43
naxph,oliali,3,3,3,2,4,2,31
isefs,yolg'iz,2,2,4,4,3,3,49
knhos,ijtimoiy ximoyaga muhtoj oila restor,2,4,2,4,2,2,16
iumjg,ijtimoiy ximoyaga muhtoj oila restor,2,4,3,4,4,2,97
kkklw,ijtimoiy ximoyaga muhtoj oila restor,2,4,3,2,3,3,30
kexav,chin yetim,2,2,4,2,4,4,30
ckrbt,ijtimoiy ximoyaga muhtoj oila restor,2,2,3,3,3,4,82
ipkqc,yoshlar daftari,2,4,3,4,3,3,61
aajow,yoshlar daftari,4,2,2,2,4,2,3
hjsqa,chin yetim,3,4,4,2,4,4,56
wyeal,oliali,4,4,4,3,2,2,93
bdmiw,yolg'iz,4,4,2,4,3,2,97
siooc,chin yetim,3,4,2,3,4,3,10
bpjfh,temir daftar,2,2,4,4,3,4,20
hyouv,yolg'iz,2,4,4,4,3,4,21
nepbx,yolg'iz,2,4,4,3,3,4,27
zypkx,boquvchisini yo'qotgan,3,3,3,3,3,2,30
xjvoo,yolg'iz,4,4,4,4,4,3,57
ymnko,yolg'iz,3,4,2,3,3,2,55
prgnv,oliali,4,3,4,3,2,3,32
tjjsg,yoshlar daftari,2,2,4,2,4,4,47
vfaiw,temir daftar,3,3,4,4,4,4,19
keqzk,temir daftar,2,2,4,3,3,4,1
rrevy,yoshlar daftari,3,2,3,3,4,4,58
hgozw,yolg'iz,4,2,4,2,3,2,66
tboah,yoshlar daftari,3,4,3,2,3,4,92
tzkor,ijtimoiy ximoyaga muhtoj oila restor,4,2,2,4,3,3,73
mvsom,temir daftar,3,4,3,2,4,4,77
orgte,yoshlar daftari,4,2,3,2,3,2,56
vwgdx,boquvchisini yo'qotgan,2,3,3,3,3,2,71
ddxyv,boquvchisini yo'qotgan,4,4,2,4,3,3,62
rlzxz,yoshlar daftari,2,4,2,3,3,2,65
iihbu,yoshlar daftari,4,2,2,2,4,3,13
rqmtw,ijtimoiy ximoyaga muhtoj oila restor,4,3,2,3,2,3,73
noqcu,yoshlar daftari,2,4,4,2,2,3,25
jmyyz,yoshlar daftari,3,4,4,3,4,3,62
wwjpl,chin yetim,2,4,2,2,4,4,26
ncpwq,chin yetim,3,2,3,2,4,2,84
qaidf,temir daftar,4,4,3,2,4,2,29
thbuy,chin yetim,4,3,4,2,4,4,77
ukbnd,oliali,3,4,3,2,3,4,4
orrro,ijtimoiy ximoyaga muhtoj oila restor,4,3,2,2,4,3,14
dwsoe,boquvchisini yo'qotgan,4,4,4,3,4,2,55
zhuek,yoshlar daftari,2,2,3,2,3,2,61
fmopy,oliali,2,2,4,3,4,4,57
lbqlv,yoshlar daftari,3,4,4,2,3,2,55
ipeir,ijtimoiy ximoyaga muhtoj oila restor,3,4,3,3,4,4,11
ellin,oliali,2,2,4,2,3,2,10
lntcg,oliali,4,4,2,4,3,2,12
udblb,oliali,3,4,2,2,2,4,75
liwae,chin yetim,3,3,2,2,3,3,18
vluoh,yoshlar daftari,2,4,2,2,3,4,98
gdusg,oliali,2,4,2,3,4,3,51
ybytx,yolg'iz,2,3,2,2,4,3,45
jcwht,yolg'iz,3,2,2,4,2,3,58
ijjki,oliali,3,2,4,3,4,2,94
pjrss,temir daftar,3,3,3,3,3,2,27
lrwwv,temir daftar,2,3,4,2,4,2,70
exhds,oliali,3,4,4,4,3,3,15
qgllf,yoshlar daftari,2,3,2,4,2,2,1
occbo,ijtimoiy ximoyaga muhtoj oila restor,4,3,4,2,3,2,31
xhvhh,chin yetim,3,3,2,3,2,2,5
iyolc,yolg'iz,4,4,3,4,2,3,86
vwwlb,chin yetim,4,3,4,3,4,4,93
pepdc,boquvchisini yo'qotgan,3,4,2,4,3,3,13
lkmiw,oliali,2,4,4,3,4,3,56
qbvsi,temir daftar,2,4,4,2,2,2,15
hpefw,chin yetim,4,2,4,3,2,2,60
ioenl,boquvchisini yo'qotgan,3,2,3,4,2,3,12
gobuf,yoshlar daftari,3,2,2,3,3,3,68
turvw,oliali,3,4,3,3,2,3,73
bciuz,ijtimoiy ximoyaga muhtoj oila restor,3,3,4,4,2,2,93
xjeyd,boquvchisini yo'qotgan,4,2,2,4,4,3,59
duogr,oliali,2,3,4,3,4,3,14
qbsup,yoshlar daftari,2,3,4,3,4,2,50
jcwxp,yoshlar daftari,4,4,4,2,4,2,95
avqlm,temir daftar,4,4,2,3,2,3,69
slsms,boquvchisini yo'qotgan,4,2,4,3,4,2,19
wbznj,oliali,4,3,2,3,2,4,68
tpfgu,oliali,3,3,3,2,4,3,54
bamxt,temir daftar,4,2,3,3,2,3,63
utzvd,boquvchisini yo'qotgan,2,2,2,2,3,3,7
cdmwo,boquvchisini yo'qotgan,2,3,3,4,3,2,73
jqoss,temir daftar,2,2,2,2,4,3,28
oimfj,chin yetim,3,3,3,4,2,3,79
apkrw,temir daftar,2,3,4,4,3,2,50
bybod,ijtimoiy ximoyaga muhtoj oila restor,3,3,4,2,4,3,6
rxqoo,temir daftar,4,2,3,3,3,2,81
dhrdq,temir daftar,3,2,2,2,3,4,30
clyuf,boquvchisini yo'qotgan,4,3,2,3,4,2,92
ulqtd,temir daftar,3,2,4,2,3,4,1
epkco,oliali,3,3,3,2,4,3,83
ttpoc,chin yetim,3,2,2,2,3,3,70
hgofv,temir daftar,4,3,2,3,4,2,25
wbkjj,yolg'iz,4,4,2,3,3,3,54
kcpph,ijtimoiy ximoyaga muhtoj oila restor,3,4,3,3,2,3,49
oscem,yolg'iz,3,4,2,2,4,4,13
xinev,chin yetim,4,4,3,4,2,2,52
szksb,oliali,3,4,4,3,3,3,21
pbfqn,yoshlar daftari,4,4,2,3,3,3,47
mmhyr,temir daftar,3,4,2,2,4,4,14
jpfvg,boquvchisini yo'qotgan,3,3,3,4,4,4,40
gsqhg,oliali,2,3,2,3,4,2,19
sgzmg,chin yetim,2,4,4,3,3,4,89
eyaby,yoshlar daftari,3,2,4,4,4,4,47
pbihb,ijtimoiy ximoyaga muhtoj oila restor,4,3,3,4,2,3,20
beadp,ijtimoiy ximoyaga muhtoj oila restor,4,3,3,4,4,3,30
xsoaz,chin yetim,3,4,4,2,2,4,45
ecphs,yolg'iz,3,2,3,4,2,4,32
awdql,yoshlar daftari,2,2,4,3,3,2,39
vucho,ijtimoiy ximoyaga muhtoj oila restor,4,4,4,2,4,2,68
jtlwp,chin yetim,3,3,2,4,4,4,93
ofywi,yolg'iz,3,4,2,4,2,4,32
gbcho,chin yetim,3,2,3,4,2,3,59
hrygc,boquvchisini yo'qotgan,3,4,3,4,3,4,22
fwttq,boquvchisini yo'qotgan,4,3,3,3,2,4,20
hdlgg,temir daftar,2,4,3,4,3,2,38
aurwc,chin yetim,2,2,2,2,4,4,30
qkbda,ijtimoiy ximoyaga muhtoj oila restor,2,4,4,2,4,3,93
wjwxo,yolg'iz,2,2,4,4,2,4,70
jpbyh,temir daftar,3,3,4,2,3,4,19
bdleo,yolg'iz,2,2,4,4,3,2,64
jkjsl,temir daftar,2,2,2,3,3,3,15
dfwti,yolg'iz,3,2,3,4,3,2,36
hmjws,ijtimoiy ximoyaga muhtoj oila restor,4,2,3,4,2,3,23
qiwif,ijtimoiy ximoyaga muhtoj oila restor,4,3,4,3,4,3,44
yrdhg,chin yetim,3,3,2,2,3,3,33
oqdvd,temir daftar,4,4,2,4,2,3,83
nvali,yoshlar daftari,3,3,2,2,4,4,82
sucxe,yoshlar daftari,2,4,4,4,4,3,7
wklsc,chin yetim,2,2,2,3,3,2,74
nbnoj,chin yetim,4,3,4,4,4,2,95
ufrbv,ijtimoiy ximoyaga muhtoj oila restor,2,4,3,2,2,2,66
ddeph,yolg'iz,2,3,3,2,3,2,57
lpdmk,ijtimoiy ximoyaga muhtoj oila restor,2,4,3,4,4,3,50
fimaf,chin yetim,2,2,3,4,2,4,39
skffc,oliali,4,4,3,4,2,2,18
tfetn,yoshlar daftari,4,3,4,4,4,2,62
nmcpl,yolg'iz,3,4,3,3,4,4,89
nbhin,oliali,2,4,2,4,3,2,51
kddut,temir daftar,3,2,2,4,3,4,3
zxkob,boquvchisini yo'qotgan,3,2,3,3,3,3,99
ejozx,temir daftar,3,3,4,4,2,2,88
pdqun,boquvchisini yo'qotgan,2,4,3,3,4,4,32
uiscd,boquvchisini yo'qotgan,2,2,3,4,3,3,77
uitly,yoshlar daftari,4,4,3,4,2,2,70
ngebj,yolg'iz,4,4,2,2,4,2,25
jvwlt,yoshlar daftari,3,4,2,4,4,2,15
gsfha,yolg'iz,2,3,2,4,4,4,50
viguw,yolg'iz,4,4,2,2,4,3,11
fmkiv,temir daftar,4,4,3,3,4,3,94
fhcsx,yolg'iz,2,4,4,3,2,3,87
xfbgx,chin yetim,2,2,4,2,4,2,7
wczwl,yoshlar daftari,2,3,3,3,2,2,11
bqfzt,temir daftar,3,2,2,2,3,4,35
arbch,oliali,4,2,2,3,2,2,77
sckkt,ijtimoiy ximoyaga muhtoj oila restor,4,3,2,3,2,4,82
wbxsq,yolg'iz,4,4,2,3,2,4,73
yprus,yolg'iz,2,3,3,4,3,2,79
ipbuk,yoshlar daftari,4,2,2,3,2,2,74
ettjg,yoshlar daftari,4,4,2,2,2,4,47
mlsfg,oliali,2,3,4,4,4,3,32
kmlrm,ijtimoiy ximoyaga muhtoj oila restor,2,2,3,3,4,3,7
hvhod,ijtimoiy ximoyaga muhtoj oila restor,3,3,3,4,3,2,26
ppxzf,oliali,4,2,4,2,2,4,29
phseq,yolg'iz,4,3,2,2,4,2,11
fevoc,oliali,2,4,3,3,4,2,91
kkexn,yolg'iz,2,3,3,3,3,2,12
vtrqc,boquvchisini yo'qotgan,2,2,4,4,2,3,72
awchl,oliali,3,2,3,2,3,3,88
bgqtj,boquvchisini yo'qotgan,3,2,3,3,2,3,24
kxxsb,oliali,2,2,3,2,4,3,43
xkshh,boquvchisini yo'qotgan,4,3,3,3,2,2,79
eknoi,temir daftar,3,4,4,2,2,2,73
gzgju,yolg'iz,4,4,3,4,2,3,88
tdfpc,boquvchisini yo'qotgan,4,2,4,3,4,4,5
bnayg,yolg'iz,2,2,4,3,4,3,39
ctcte,boquvchisini yo'qotgan,4,4,2,3,2,2,58
uerft,yoshlar daftari,2,3,3,3,3,3,30
zpmjc,ijtimoiy ximoyaga muhtoj oila restor,3,4,3,4,4,4,0
mdcke,temir daftar,4,3,4,3,2,3,13
jtmws,yolg'iz,3,4,4,3,4,3,77
kskvz,ijtimoiy ximoyaga muhtoj oila restor,4,4,4,3,4,2,77
hljub,oliali,2,3,3,3,2,3,46
uqybs,boquvchisini yo'qotgan,3,2,4,3,2,3,95
zilvg,yolg'iz,4,4,4,4,3,2,54
qdgmu,yolg'iz,2,4,4,4,2,3,88
cqyfu,oliali,4,3,2,4,3,2,15
cpzsb,chin yetim,2,2,2,2,3,4,51
gnddh,boquvchisini yo'qotgan,3,3,3,3,2,3,73
mznsi,boquvchisini yo'qotgan,4,4,3,3,3,3,52
goheq,yolg'iz,4,2,2,3,4,2,47
nmzpv,boquvchisini yo'qotgan,4,3,3,2,2,3,13
